/*
 Navicat Premium Data Transfer

 Source Server         : ai
 Source Server Type    : MySQL
 Source Server Version : 80024 (8.0.24)
 Source Host           : 192.168.101.132:3306
 Source Schema         : course

 Target Server Type    : MySQL
 Target Server Version : 80024 (8.0.24)
 File Encoding         : 65001

 Date: 02/12/2024 16:52:25
*/

SET NAMES utf8mb4;
SET FOREIGN_KEY_CHECKS = 0;

-- ----------------------------
-- Table structure for course_audit
-- ----------------------------
DROP TABLE IF EXISTS `course_audit`;
CREATE TABLE `course_audit`  (
  `id` bigint NOT NULL AUTO_INCREMENT COMMENT '主键',
  `manager_id` bigint NULL DEFAULT NULL COMMENT '管理员ID',
  `course_id` bigint NULL DEFAULT NULL COMMENT '课程ID',
  `manager` varchar(56) CHARACTER SET utf8 COLLATE utf8_general_ci NULL DEFAULT NULL COMMENT '管理员名字',
  `suggestion` varchar(1024) CHARACTER SET utf8 COLLATE utf8_general_ci NULL DEFAULT NULL COMMENT '课程审核不通过建议',
  `status` varchar(10) CHARACTER SET utf8 COLLATE utf8_general_ci NOT NULL COMMENT '审核状态表',
  `create_time` datetime NULL DEFAULT NULL,
  `update_time` datetime NULL DEFAULT NULL,
  PRIMARY KEY (`id`) USING BTREE
) ENGINE = InnoDB AUTO_INCREMENT = 11 CHARACTER SET = utf8 COLLATE = utf8_general_ci COMMENT = '审核表' ROW_FORMAT = DYNAMIC;

-- ----------------------------
-- Records of course_audit
-- ----------------------------
INSERT INTO `course_audit` VALUES (1, 1854934298709209090, 75, NULL, '审核通过！', '202004', '2024-11-25 14:27:25', '2024-11-25 14:27:25');
INSERT INTO `course_audit` VALUES (2, 1854934298709209090, 65, NULL, '审核通过！', '202004', '2024-11-25 12:35:16', '2024-11-25 12:35:16');
INSERT INTO `course_audit` VALUES (3, 1854934298709209090, 76, NULL, '视频不合格', '202001', '2024-11-25 14:52:40', '2024-11-25 14:52:40');
INSERT INTO `course_audit` VALUES (4, 1854934298709209090, 78, NULL, '以过关', '202004', '2024-11-25 17:34:24', '2024-11-25 17:34:24');
INSERT INTO `course_audit` VALUES (5, 1854934298709209090, 81, NULL, '2', '202004', '2024-11-25 17:59:07', '2024-11-25 17:59:07');
INSERT INTO `course_audit` VALUES (6, 1854934298709209090, 82, NULL, '可以', '202004', '2024-11-26 22:12:00', '2024-11-26 22:12:00');
INSERT INTO `course_audit` VALUES (7, 1854934298709209090, 91, NULL, '同意', '202004', '2024-11-27 15:04:55', '2024-11-27 15:04:55');
INSERT INTO `course_audit` VALUES (8, 1861728079559299073, 92, NULL, '可以', '202004', '2024-11-27 23:13:08', '2024-11-27 23:13:08');
INSERT INTO `course_audit` VALUES (9, 1862018866981470209, 93, NULL, '可以', '202004', '2024-11-28 15:52:58', '2024-11-28 15:52:58');
INSERT INTO `course_audit` VALUES (10, 1854934298709209090, 95, NULL, '审核已通过', '202004', '2024-11-28 19:00:15', '2024-11-28 19:00:15');

-- ----------------------------
-- Table structure for course_base
-- ----------------------------
DROP TABLE IF EXISTS `course_base`;
CREATE TABLE `course_base`  (
  `id` bigint NOT NULL AUTO_INCREMENT COMMENT '主键',
  `manager_id` bigint NULL DEFAULT NULL COMMENT '管理员ID',
  `manager` varchar(56) CHARACTER SET utf8 COLLATE utf8_general_ci NULL DEFAULT NULL COMMENT '管理员名字',
  `name` varchar(100) CHARACTER SET utf8 COLLATE utf8_general_ci NOT NULL COMMENT '课程名称',
  `users` varchar(500) CHARACTER SET utf8 COLLATE utf8_general_ci NULL DEFAULT NULL COMMENT '适用人群',
  `tags` varchar(50) CHARACTER SET utf8 COLLATE utf8_general_ci NULL DEFAULT NULL COMMENT '课程标签',
  `grade` varchar(32) CHARACTER SET utf8 COLLATE utf8_general_ci NOT NULL COMMENT '课程等级',
  `teachmode` varchar(32) CHARACTER SET utf8 COLLATE utf8_general_ci NULL DEFAULT NULL COMMENT '教育模式(普通，中等，高等等）',
  `description` text CHARACTER SET utf8 COLLATE utf8_general_ci NULL COMMENT '课程介绍',
  `pic` varchar(500) CHARACTER SET utf8 COLLATE utf8_general_ci NULL DEFAULT NULL COMMENT '课程图片',
  `create_date` datetime NULL DEFAULT NULL COMMENT '创建时间',
  `change_date` datetime NULL DEFAULT NULL COMMENT '修改时间',
  `audit_status` varchar(10) CHARACTER SET utf8 COLLATE utf8_general_ci NOT NULL DEFAULT '0' COMMENT '审核状态 未提交审核 已提交审核',
  `status` varchar(10) CHARACTER SET utf8 COLLATE utf8_general_ci NOT NULL DEFAULT '0' COMMENT '课程发布状态 未发布  已发布 下线',
  `charge` varchar(32) CHARACTER SET utf8 COLLATE utf8_general_ci NULL DEFAULT NULL COMMENT '是否收费',
  `member_price` bigint NULL DEFAULT NULL COMMENT '默认会员价',
  `label` varchar(255) CHARACTER SET utf8 COLLATE utf8_general_ci NULL DEFAULT NULL COMMENT '标签',
  `browses` bigint NULL DEFAULT 0 COMMENT '浏览量',
  PRIMARY KEY (`id`) USING BTREE,
  INDEX `course_base_name_audit_status_status_manager_id_users_index`(`name` ASC, `audit_status` ASC, `status` ASC, `manager_id` ASC, `users` ASC, `tags` ASC) USING BTREE
) ENGINE = InnoDB AUTO_INCREMENT = 96 CHARACTER SET = utf8 COLLATE = utf8_general_ci COMMENT = '课程基本信息' ROW_FORMAT = DYNAMIC;

-- ----------------------------
-- Records of course_base
-- ----------------------------
INSERT INTO `course_base` VALUES (61, 1854545533041926145, 'ttgd', '英语', '高中', '英语', '高三', '线上', '【高中英语从零开始】开更！基本句子结构丨保姆级讲解', '/mediafiles/2024/11/08/34566e60d69fff612ed7b1ea8e843be6.jpg', '2024-11-09 00:24:57', NULL, '202004', '203002', '201001', 100, '[\"语句结构\"]', 10);
INSERT INTO `course_base` VALUES (62, 1854545533041926145, 'ttgd', '高中数学（宋浩老师）', '高中生，初中生', '数学', '高三', '线上', '讲了高中的集合，不等式，一元二次方程，函数', '/mediafiles/2024/11/09/6bba4324a0a87eb4e688563f980ad920.jpg', '2024-11-09 00:47:20', NULL, '202002', '203001', '201001', 100, '[\"高中\",\"集合\",\"数学\",\"知识\"]', 2);
INSERT INTO `course_base` VALUES (65, 1854934298709209090, 'kimo', '高中生物必修一（新人教版）', '高中生', '数学', '高三', '线上', '免费的高中物理系统课程来咯，20小时带你复习完高中物理，涵盖全部常见知识点，欢迎大家进来一起学习，多发弹幕评论，感谢支持！', '/mediafiles/2024/11/13/eb9a2be743c5c4e72569844f3b7e9900.png', '2024-11-13 09:05:27', NULL, '202004', '203002', '201000', 0, '[\"物理\"]', 6);
INSERT INTO `course_base` VALUES (66, 1854934298709209090, 'kimo', '高中历史', '高中学习历史的人群', '历史', '高三', '线上', '思维导图搞定部编版新教材高中历史全套合集', '/mediafiles/2024/11/13/42eb42b83a8f0e368eac5fd15315bb9e.jpg', '2024-11-13 09:22:43', NULL, '202004', '203002', '201001', 100, '[\"历史\",\"校园学习\",\"中国史\"]', 3);
INSERT INTO `course_base` VALUES (67, 1854934298709209090, 'kimo', '高中历史(下)', '高中学习历史的人群', '历史', '高三', '线上', '中国近代史', '/mediafiles/2024/11/13/42eb42b83a8f0e368eac5fd15315bb9e.jpg', '2024-11-13 09:58:04', NULL, '202004', '203002', '201001', 100, '[\"历史\",\"中国史\",\"校园学习\"]', 3);
INSERT INTO `course_base` VALUES (68, 1854934298709209090, 'kimo', '高中语文', '高中生', '语文', '高三', '线上', '高中语文', '/mediafiles/2024/11/13/5405983e3c4fc4dbff8954e02c75c413.jpg', '2024-11-13 10:19:28', NULL, '202004', '203002', '201001', 100, '[\"语文\",\"校园学习\",\"教程\"]', 2);
INSERT INTO `course_base` VALUES (69, 1854934298709209090, 'kimo', '高中数学(零基础)', '高中数学基础不牢固的人群', '数学', '高三', '线上', '介绍高中数学所有基础知识点合集零基础也能学', '/mediafiles/2024/11/13/3499efd438e2307a9df28efbe2a5e2a0.jpg', '2024-11-13 11:15:13', NULL, '202004', '203002', '201001', 100, '[\"数学\",\"零基础\",\"全知识合集\",\"校园学习\",\"集合\",\"函数\",\"立体几何\"]', 3);
INSERT INTO `course_base` VALUES (91, 1854934298709209090, 'kimo', '高中数学进阶课程', '高一、高二、高三', '数学', '高三', '线上', '本课程专为高中生设计，旨在全面提升数学思维与解题能力。涵盖函数与方程、数列与概率、几何与立体解析等重点模块，帮助学生掌握竞赛与高考中的难点与技巧。通过系统化的知识讲解、经典题型剖析以及实战训练，培养逻辑推理能力与数学创新思维，为高等数学学习打下坚实基础。课程适合有一定数学基础且希望取得更高突破的学生，为未来升学与竞赛做好充分准备。', '/mediafiles/2024/11/27/0a0ad97fc39e4b78a2250a97cb2898f6.png', '2024-11-27 14:59:48', NULL, '202002', '203003', '201001', 100, '[\"三角函数\",\"导数\"]', 3);
INSERT INTO `course_base` VALUES (95, 1854934298709209090, 'kimo', '数学集合函数', '高一', '数学函数', '高三', '线上', '课程讲讲解如何理解集合函数以及对应函数', '/mediafiles/2024/11/28/6b578e5886f7aa3350622cdc19f53ff3.png', '2024-11-28 18:52:45', NULL, '202004', '203002', '201000', 0, '[\"集合函数\"]', 2);

-- ----------------------------
-- Table structure for course_learn_record
-- ----------------------------
DROP TABLE IF EXISTS `course_learn_record`;
CREATE TABLE `course_learn_record`  (
  `id` bigint NOT NULL AUTO_INCREMENT COMMENT '主键',
  `user_id` bigint NULL DEFAULT NULL COMMENT '用户ID',
  `user_name` varchar(56) CHARACTER SET utf8 COLLATE utf8_general_ci NULL DEFAULT NULL COMMENT '用户名字',
  `course_name` varchar(100) CHARACTER SET utf8 COLLATE utf8_general_ci NOT NULL COMMENT '课程名称',
  `course_teachplan` text CHARACTER SET utf8 COLLATE utf8_general_ci NULL COMMENT '课程视频章节列表',
  `createTime` datetime NOT NULL DEFAULT CURRENT_TIMESTAMP COMMENT '创建时间',
  `updateTime` datetime NOT NULL DEFAULT CURRENT_TIMESTAMP ON UPDATE CURRENT_TIMESTAMP COMMENT '更新时间',
  `course_id` bigint NULL DEFAULT NULL COMMENT '课程id',
  PRIMARY KEY (`id`) USING BTREE,
  INDEX `course_learn_record_course_id_user_id_index`(`course_id` ASC, `user_id` ASC) USING BTREE
) ENGINE = InnoDB AUTO_INCREMENT = 1862139213823135747 CHARACTER SET = utf8 COLLATE = utf8_general_ci COMMENT = '课程学习记录表' ROW_FORMAT = DYNAMIC;

-- ----------------------------
-- Records of course_learn_record
-- ----------------------------
INSERT INTO `course_learn_record` VALUES (1860971528649306113, 1860962119500017666, '1234', '英语', '[{\"id\":42,\"label\":\"[主语 ,谓语 ,宾语 ,表语,状语]\",\"pname\":\"基本句子结构\",\"totalTime\":\"00:23:41\",\"description\":\"从零开始了解英语的基本句子结构\",\"timelength\":\"00:00:00\"}]', '2024-11-25 16:59:22', '2024-11-25 16:59:22', 61);
INSERT INTO `course_learn_record` VALUES (1861101867874910210, 1861094710509129729, '前端kk', '英语', '[{\"id\":42,\"label\":\"[主语 ,谓语 ,宾语 ,表语,状语]\",\"pname\":\"基本句子结构\",\"totalTime\":\"00:23:41\",\"description\":\"从零开始了解英语的基本句子结构\",\"timelength\":\"00:00:00\"},{\"id\":49,\"label\":\"[非限制性定语从句]\",\"pname\":\"非限制性定语从句\",\"totalTime\":\"00:15:36\",\"description\":\"一句So what玩转非限制性定语从句，易懂、更好用！\",\"timelength\":\"00:00:06\"},{\"id\":43,\"label\":\"[基础语法知识]\",\"pname\":\"名词短语、形容词短语、副词短语\",\"totalTime\":\"00:15:36\",\"description\":\"讲解一些英语的基础语法知识\",\"timelength\":\"00:00:07\"},{\"id\":44,\"label\":\"[简单语法,简单复合句]\",\"pname\":\"从简单句到复合句\",\"totalTime\":\"00:25:19\",\"description\":\"手把手带你分析句子成分，轻松进阶复合句！\",\"timelength\":\"00:00:01\"},{\"id\":45,\"label\":\"[简单语法,及物动词]\",\"pname\":\"及物动词\",\"totalTime\":\"00:24:55\",\"description\":\"英语难解之谜，用思维搞定！\",\"timelength\":\"00:00:01\"},{\"id\":47,\"label\":\"[定语从句]\",\"pname\":\"定语从句（上）\",\"totalTime\":\"1709.909167\",\"description\":\"用翻译的方式学定语从句，是什么样子？\",\"timelength\":\"2.03622\"},{\"id\":48,\"label\":\"[定语从句]\",\"pname\":\"定语从句（下）\",\"totalTime\":\"1436.9065\",\"description\":\"分隔式定从？关系词省略？特殊先行词？一站式解决！\",\"timelength\":\"7.169373\"}]', '2024-11-26 01:37:18', '2024-11-26 01:37:18', 61);
INSERT INTO `course_learn_record` VALUES (1861304915062730754, NULL, NULL, '英语', '[{\"id\":42,\"label\":\"[主语 ,谓语 ,宾语 ,表语,状语]\",\"pname\":\"基本句子结构\",\"totalTime\":\"00:23:41\",\"description\":\"从零开始了解英语的基本句子结构\",\"timelength\":\"00:00:00\"}]', '2024-11-26 15:04:08', '2024-11-26 15:04:08', 61);
INSERT INTO `course_learn_record` VALUES (1861306721813704706, 1794941858414170113, 'xixi', '数学', '[{\"id\":70,\"label\":\"[集合,基础知识,概念,用法]\",\"pname\":\"集合的概念\",\"totalTime\":\"00:25:08\",\"description\":\"本节课讲述了集合的基础知识点和用法以及一些经典题型的讲解\",\"timelength\":\"00:00:00\"}]', '2024-11-26 15:11:19', '2024-11-26 15:11:19', 70);
INSERT INTO `course_learn_record` VALUES (1861306724728745985, 1794941858414170113, 'xixi', '英语', '[{\"id\":42,\"label\":\"[主语 ,谓语 ,宾语 ,表语,状语]\",\"pname\":\"基本句子结构\",\"totalTime\":\"00:23:41\",\"description\":\"从零开始了解英语的基本句子结构\",\"timelength\":\"00:00:00\"},{\"id\":43,\"label\":\"[基础语法知识]\",\"pname\":\"名词短语、形容词短语、副词短语\",\"totalTime\":\"00:25:19\",\"description\":\"讲解一些英语的基础语法知识\",\"timelength\":\"00:22:15\"},{\"id\":44,\"label\":\"[简单语法,简单复合句]\",\"pname\":\"从简单句到复合句\",\"totalTime\":\"00:25:19\",\"description\":\"手把手带你分析句子成分，轻松进阶复合句！\",\"timelength\":\"00:22:15\"},{\"id\":45,\"label\":\"[简单语法,及物动词]\",\"pname\":\"及物动词\",\"totalTime\":\"00:24:55\",\"description\":\"英语难解之谜，用思维搞定！\",\"timelength\":\"00:00:00\"},{\"id\":47,\"label\":\"[定语从句]\",\"pname\":\"定语从句（上）\",\"totalTime\":\"00:28:29\",\"description\":\"用翻译的方式学定语从句，是什么样子？\",\"timelength\":\"00:24:43\"},{\"id\":49,\"label\":\"[非限制性定语从句]\",\"pname\":\"非限制性定语从句\",\"totalTime\":\"00:15:36\",\"description\":\"一句So what玩转非限制性定语从句，易懂、更好用！\",\"timelength\":\"00:21:09\"},{\"id\":48,\"label\":\"[定语从句]\",\"pname\":\"定语从句（下）\",\"totalTime\":\"00:23:41\",\"description\":\"分隔式定从？关系词省略？特殊先行词？一站式解决！\",\"timelength\":\"00:03:37\"}]', '2024-11-26 15:11:19', '2024-11-26 15:11:19', 61);
INSERT INTO `course_learn_record` VALUES (1861328111107354626, NULL, NULL, '英语', '[{\"id\":42,\"label\":\"[主语 ,谓语 ,宾语 ,表语,状语]\",\"pname\":\"基本句子结构\",\"totalTime\":\"00:23:41\",\"description\":\"从零开始了解英语的基本句子结构\",\"timelength\":\"00:00:00\"}]', '2024-11-26 16:36:18', '2024-11-26 16:36:18', 61);
INSERT INTO `course_learn_record` VALUES (1861328207853170689, 1794941858414170113, 'xixi', '历史', '[{\"id\":52,\"label\":\"[中华文明起源与早期国家]\",\"pname\":\"中华文明起源与早期国家\",\"totalTime\":\"00:17:21\",\"description\":\"中华文明起源与早期国家\",\"timelength\":\"00:12:58\"},{\"id\":54,\"label\":\"[秦朝,历史]\",\"pname\":\"秦朝\",\"totalTime\":\"00:15:50\",\"description\":\"秦朝\",\"timelength\":\"00:00:03\"},{\"id\":53,\"label\":\"[春秋战国]\",\"pname\":\"春秋战国\",\"totalTime\":\"3133.123\",\"description\":\"春秋战国\",\"timelength\":\"782.562954\"}]', '2024-11-26 16:36:41', '2024-11-26 16:36:41', 66);
INSERT INTO `course_learn_record` VALUES (1861360334497951746, NULL, NULL, '英语', '[{\"id\":42,\"label\":\"[主语 ,谓语 ,宾语 ,表语,状语]\",\"pname\":\"基本句子结构\",\"totalTime\":\"00:23:41\",\"description\":\"从零开始了解英语的基本句子结构\",\"timelength\":\"00:00:00\"}]', '2024-11-26 18:44:21', '2024-11-26 18:44:21', 61);
INSERT INTO `course_learn_record` VALUES (1861677452196175873, 1854934298709209090, 'kimo', '英语', '[{\"id\":42,\"label\":\"[主语 ,谓语 ,宾语 ,表语,状语]\",\"pname\":\"基本句子结构\",\"totalTime\":\"00:23:41\",\"description\":\"从零开始了解英语的基本句子结构\",\"timelength\":\"00:00:39\"},{\"id\":43,\"label\":\"[基础语法知识]\",\"pname\":\"名词短语、形容词短语、副词短语\",\"totalTime\":\"00:18:42\",\"description\":\"讲解一些英语的基础语法知识\",\"timelength\":\"00:00:26\"},{\"id\":44,\"label\":\"[简单语法,简单复合句]\",\"pname\":\"从简单句到复合句\",\"totalTime\":\"1519.039833\",\"description\":\"手把手带你分析句子成分，轻松进阶复合句！\",\"timelength\":\"149.109072\"},{\"id\":45,\"label\":\"[简单语法,及物动词]\",\"pname\":\"及物动词\",\"totalTime\":\"1495.957167\",\"description\":\"英语难解之谜，用思维搞定！\",\"timelength\":\"987.041831\"},{\"id\":47,\"label\":\"[定语从句]\",\"pname\":\"定语从句（上）\",\"totalTime\":\"1709.909167\",\"description\":\"用翻译的方式学定语从句，是什么样子？\",\"timelength\":\"561.523842\"}]', '2024-11-27 15:44:28', '2024-11-27 15:44:28', 61);
INSERT INTO `course_learn_record` VALUES (1861678602706345985, 1854934298709209090, 'kimo', '数学', '[{\"id\":168,\"label\":\"[三角函数,sin值计算,cos值计算]\",\"pname\":\"三角函数基础1\",\"totalTime\":\"00:27:59\",\"description\":\"了解三角函数的sinx、cosx、tanx等等\",\"timelength\":\"00:00:00\"}]', '2024-11-27 15:49:02', '2024-11-27 15:49:02', 91);
INSERT INTO `course_learn_record` VALUES (1861729185572184065, 1861728079559299073, 'Filpped', '英语', '[{\"id\":42,\"label\":\"[主语 ,谓语 ,宾语 ,表语,状语]\",\"pname\":\"基本句子结构\",\"totalTime\":\"00:23:41\",\"description\":\"从零开始了解英语的基本句子结构\",\"timelength\":\"00:03:57\"},{\"id\":43,\"label\":\"[基础语法知识]\",\"pname\":\"名词短语、形容词短语、副词短语\",\"totalTime\":\"1122.175833\",\"description\":\"讲解一些英语的基础语法知识\",\"timelength\":\"193.068074\"},{\"id\":44,\"label\":\"[简单语法,简单复合句]\",\"pname\":\"从简单句到复合句\",\"totalTime\":\"1519.039833\",\"description\":\"手把手带你分析句子成分，轻松进阶复合句！\",\"timelength\":\"170.907489\"}]', '2024-11-27 19:10:02', '2024-11-27 19:10:02', 61);
INSERT INTO `course_learn_record` VALUES (1861729427986178050, 1861728079559299073, 'Filpped', '数学', '[{\"id\":51,\"label\":\"[基本物理]\",\"pname\":\"运动基本物理量\",\"totalTime\":\"00:09:55\",\"description\":\"从零开始\",\"timelength\":\"00:02:47\"}]', '2024-11-27 19:11:00', '2024-11-27 19:11:00', 65);
INSERT INTO `course_learn_record` VALUES (1861732705377574914, 1861728079559299073, 'Filpped', '历史', '[{\"id\":52,\"label\":\"[中华文明起源与早期国家]\",\"pname\":\"中华文明起源与早期国家\",\"totalTime\":\"00:17:21\",\"description\":\"中华文明起源与早期国家\",\"timelength\":\"00:00:00\"}]', '2024-11-27 19:24:01', '2024-11-27 19:24:01', 66);
INSERT INTO `course_learn_record` VALUES (1861760704630087682, 1854934298709209090, 'kimo', '历史', '[{\"id\":52,\"label\":\"[中华文明起源与早期国家]\",\"pname\":\"中华文明起源与早期国家\",\"totalTime\":\"00:17:21\",\"description\":\"中华文明起源与早期国家\",\"timelength\":\"00:00:00\"}]', '2024-11-27 21:15:16', '2024-11-27 21:15:16', 66);
INSERT INTO `course_learn_record` VALUES (1861800300034150401, 1861800014594965505, '1008511175@gmail.com', '英语', '[{\"id\":42,\"label\":\"[主语 ,谓语 ,宾语 ,表语,状语]\",\"pname\":\"基本句子结构\",\"totalTime\":\"00:23:41\",\"description\":\"从零开始了解英语的基本句子结构\",\"timelength\":\"00:00:00\"}]', '2024-11-27 23:52:37', '2024-11-27 23:52:37', 61);
INSERT INTO `course_learn_record` VALUES (1862019263678697474, 1862018866981470209, '1234', '英语', '[{\"id\":42,\"label\":\"[主语 ,谓语 ,宾语 ,表语,状语]\",\"pname\":\"基本句子结构\",\"totalTime\":\"00:23:41\",\"description\":\"从零开始了解英语的基本句子结构\",\"timelength\":\"00:00:00\"},{\"id\":43,\"label\":\"[基础语法知识]\",\"pname\":\"名词短语、形容词短语、副词短语\",\"totalTime\":\"1122.175833\",\"description\":\"讲解一些英语的基础语法知识\",\"timelength\":\"365.14967\"},{\"id\":44,\"label\":\"[简单语法,简单复合句]\",\"pname\":\"从简单句到复合句\",\"totalTime\":\"1519.039833\",\"description\":\"手把手带你分析句子成分，轻松进阶复合句！\",\"timelength\":\"544.416028\"}]', '2024-11-28 14:22:42', '2024-11-28 14:22:42', 61);
INSERT INTO `course_learn_record` VALUES (1862081558890991617, 1862078880328810498, 'Filpped', '数学', '[{\"id\":66,\"label\":\"[高一,集合,基础知识点]\",\"pname\":\"集合\",\"totalTime\":\"00:14:51\",\"description\":\"介绍集合的概念，集合与集合的关系\",\"timelength\":\"00:04:09\"},{\"id\":67,\"label\":\"[高二,函数,基础知识点]\",\"pname\":\"函数\",\"totalTime\":\"1413.4825\",\"description\":\"介绍函数的基础概念知识点\",\"timelength\":\"308.083599\"},{\"id\":68,\"label\":\"[高二,立体几何,基础知识点]\",\"pname\":\"立体几何\",\"totalTime\":\"1982.931833\",\"description\":\"介绍立体几何基础知识点以及几种立体几何的图形和需要注重的点\",\"timelength\":\"630.184517\"}]', '2024-11-28 18:30:14', '2024-11-28 18:30:14', 69);
INSERT INTO `course_learn_record` VALUES (1862116196929818625, NULL, NULL, '英语', '[{\"id\":43,\"label\":\"[基础语法知识]\",\"pname\":\"名词短语、形容词短语、副词短语\",\"totalTime\":\"00:23:41\",\"description\":\"讲解一些英语的基础语法知识\",\"timelength\":\"00:18:02\"}]', '2024-11-28 20:47:52', '2024-11-28 20:47:52', 61);
INSERT INTO `course_learn_record` VALUES (1862139213823135746, 1794941858414170113, 'xixi', '历史', '[{\"id\":55,\"label\":\"[中国史,西汉]\",\"pname\":\"西汉\",\"totalTime\":\"00:17:48\",\"description\":\"西汉\",\"timelength\":\"00:12:25\"},{\"id\":57,\"label\":\"[中国史,西汉 东汉 两汉文化]\",\"pname\":\"两汉文化\",\"totalTime\":\"00:10:41\",\"description\":\"两汉文化\",\"timelength\":\"00:02:42\"},{\"id\":59,\"label\":\"[中国史,隋唐五代十国]\",\"pname\":\"隋唐五代十国\",\"totalTime\":\"1497.271383\",\"description\":\"隋唐五代十国\",\"timelength\":\"1134.694133\"},{\"id\":56,\"label\":\"[中国史,东汉]\",\"pname\":\"东汉\",\"totalTime\":\"770.067415\",\"description\":\"东汉\",\"timelength\":\"745.045553\"},{\"id\":58,\"label\":\"[中国史,三国两晋南北朝]\",\"pname\":\"三国两晋南北朝\",\"totalTime\":\"1081.16898\",\"description\":\"三国两晋南北朝\",\"timelength\":\"162.767633\"}]', '2024-11-28 22:19:20', '2024-11-28 22:19:20', 67);

-- ----------------------------
-- Table structure for course_market
-- ----------------------------
DROP TABLE IF EXISTS `course_market`;
CREATE TABLE `course_market`  (
  `id` bigint NOT NULL COMMENT '主键，课程id',
  `charge` varchar(32) CHARACTER SET utf8 COLLATE utf8_general_ci NOT NULL COMMENT '收费规则，对应数据字典',
  `member_price` float(10, 2) NULL DEFAULT NULL COMMENT '默认会员价，可以自定义价格',
  `qq` varchar(32) CHARACTER SET utf8 COLLATE utf8_general_ci NULL DEFAULT NULL COMMENT '咨询qq',
  `wechat` varchar(64) CHARACTER SET utf8 COLLATE utf8_general_ci NULL DEFAULT NULL COMMENT '微信',
  `phone` varchar(32) CHARACTER SET utf8 COLLATE utf8_general_ci NULL DEFAULT NULL COMMENT '电话',
  `valid_days` int NULL DEFAULT NULL COMMENT '有效期天数',
  PRIMARY KEY (`id`) USING BTREE
) ENGINE = InnoDB CHARACTER SET = utf8 COLLATE = utf8_general_ci COMMENT = '课程营销信息' ROW_FORMAT = DYNAMIC;

-- ----------------------------
-- Records of course_market
-- ----------------------------
INSERT INTO `course_market` VALUES (61, '201000', 100.00, '2475017482', 'nicetomeettgd6', '19196231551', 365);
INSERT INTO `course_market` VALUES (62, '201001', 100.00, '2475017482', 'nicetomeettgd6', '19196231551', 360);
INSERT INTO `course_market` VALUES (63, '201001', 100.00, '3248034755', 'xiaohanya005', '15768334566', 360);
INSERT INTO `course_market` VALUES (64, '201000', 0.00, '3248034755', 'xiaohanya005', '15768334566', 360);
INSERT INTO `course_market` VALUES (65, '201000', 0.00, '3248034755', 'xiaohanya005', '15768334566', 360);
INSERT INTO `course_market` VALUES (66, '201001', 100.00, '3248034755', 'xiaohanya005', '15768334566', 360);
INSERT INTO `course_market` VALUES (67, '201001', 100.00, '3248034755', 'xiaohanya005', '15768334566', 360);
INSERT INTO `course_market` VALUES (68, '201001', 100.00, '3248034755', 'xiaohanya005', '15768334566', 360);
INSERT INTO `course_market` VALUES (69, '201001', 100.00, '3248034755', 'xiaohanya005', '15768334566', 360);
INSERT INTO `course_market` VALUES (70, '201001', 100.00, '3248034755', 'xiaohanya005', '15768334566', 360);
INSERT INTO `course_market` VALUES (71, '201000', 0.00, '3248034755', 'xiaohanya005', '15768334566', 360);
INSERT INTO `course_market` VALUES (73, '201000', 0.00, '3248034755', 'xiaohanya005', '15768334566', 360);
INSERT INTO `course_market` VALUES (74, '201000', 0.00, '3248034755', 'xiaohanya005', '15768334566', 360);
INSERT INTO `course_market` VALUES (75, '201000', 0.00, '3248034755', 'xiaohanya005', '15768334566', 360);
INSERT INTO `course_market` VALUES (76, '201000', 0.00, '3248034755', 'xiaohanya005', '19196231551', 360);
INSERT INTO `course_market` VALUES (77, '201000', 0.00, '3248034755', 'xiaohanya005', '15768334566', 360);
INSERT INTO `course_market` VALUES (78, '201000', 0.00, '2475017482', '111111111', '12312', 360);
INSERT INTO `course_market` VALUES (81, '201001', 99.00, '3248034755', 'xiaohanya005', '15768334566', 360);
INSERT INTO `course_market` VALUES (82, '201000', 100.00, '3248034755', 'xiaohanya005', '15768334566', 360);
INSERT INTO `course_market` VALUES (83, '201000', 100.00, '3248034755', 'xiaohanya005', '15768334566', 360);
INSERT INTO `course_market` VALUES (84, '201000', 100.00, '2475017482', 'xiaohanya005', '15768334566', 360);
INSERT INTO `course_market` VALUES (85, '201000', 100.00, '2475017482', 'xiaohanya005', '15768334566', 360);
INSERT INTO `course_market` VALUES (86, '201000', 100.00, '2475017482', 'xiaohanya005', '15768334566', 360);
INSERT INTO `course_market` VALUES (87, '201000', 100.00, '2475017482', 'xiaohanya005', '15768334566', 360);
INSERT INTO `course_market` VALUES (88, '201000', 100.00, '3248034755', 'xiaohanya005', '15768334566', 360);
INSERT INTO `course_market` VALUES (89, '201000', 100.00, '2475017482', 'xiaohanya005', '15768334566', 360);
INSERT INTO `course_market` VALUES (90, '201000', 100.00, '3248034755', 'xiaohanya005', '18666609151', 360);
INSERT INTO `course_market` VALUES (91, '201001', 100.00, '3335018203@qq.com', 'wx123', '18666609151', 360);
INSERT INTO `course_market` VALUES (92, '201000', 0.00, '3248034755', 'xiaohanya005', '18666609151', 360);
INSERT INTO `course_market` VALUES (93, '201000', 0.00, '3248034755', 'xiaohanya005', '18666609151', 360);
INSERT INTO `course_market` VALUES (94, '201000', 0.00, '3248034755', 'xiaohanya005', '18666609151', 360);
INSERT INTO `course_market` VALUES (95, '201000', 0.00, '3248034755', 'xiaohanya005', '18666609151', 360);

-- ----------------------------
-- Table structure for course_publish
-- ----------------------------
DROP TABLE IF EXISTS `course_publish`;
CREATE TABLE `course_publish`  (
  `id` bigint NOT NULL COMMENT '主键',
  `manager_id` bigint NULL DEFAULT NULL COMMENT '管理员ID',
  `manager` varchar(56) CHARACTER SET utf8 COLLATE utf8_general_ci NULL DEFAULT NULL COMMENT '管理员名字',
  `name` varchar(100) CHARACTER SET utf8 COLLATE utf8_general_ci NOT NULL COMMENT '课程名称',
  `users` varchar(500) CHARACTER SET utf8 COLLATE utf8_general_ci NOT NULL COMMENT '适用人群',
  `tags` varchar(128) CHARACTER SET utf8 COLLATE utf8_general_ci NULL DEFAULT NULL COMMENT '标签',
  `username` varchar(32) CHARACTER SET utf8 COLLATE utf8_general_ci NULL DEFAULT NULL COMMENT '创建人',
  `grade` varchar(32) CHARACTER SET utf8 COLLATE utf8_general_ci NOT NULL COMMENT '课程等级',
  `teachmode` varchar(32) CHARACTER SET utf8 COLLATE utf8_general_ci NOT NULL COMMENT '教育模式',
  `pic` varchar(500) CHARACTER SET utf8 COLLATE utf8_general_ci NOT NULL COMMENT '课程图片',
  `description` text CHARACTER SET utf8 COLLATE utf8_general_ci NULL COMMENT '课程介绍',
  `market` text CHARACTER SET utf8 COLLATE utf8_general_ci NULL COMMENT '课程营销信息，json格式',
  `teachplan` text CHARACTER SET utf8 COLLATE utf8_general_ci NULL COMMENT '所有课程计划，json格式',
  `teachers` text CHARACTER SET utf8 COLLATE utf8_general_ci NULL COMMENT '教师信息，json格式',
  `create_date` datetime NULL DEFAULT NULL COMMENT '发布时间',
  `online_date` datetime NULL DEFAULT NULL COMMENT '上架时间',
  `offline_date` datetime NULL DEFAULT NULL COMMENT '下架时间',
  `status` varchar(10) CHARACTER SET utf8 COLLATE utf8_general_ci NULL DEFAULT '1' COMMENT '状态 1-提交审核 2-审核通过 3-已发布',
  `remark` varchar(500) CHARACTER SET utf8 COLLATE utf8_general_ci NULL DEFAULT NULL COMMENT '备注',
  `charge` varchar(32) CHARACTER SET utf8 COLLATE utf8_general_ci NULL DEFAULT NULL COMMENT '收费规则，对应数据字典--203',
  `valid_days` int NULL DEFAULT NULL COMMENT '课程有效期天数',
  `member_price` float(10, 2) NULL DEFAULT NULL COMMENT '\"会员价\"',
  `label` varchar(255) CHARACTER SET utf8 COLLATE utf8_general_ci NULL DEFAULT NULL COMMENT '标签',
  PRIMARY KEY (`id`) USING BTREE
) ENGINE = InnoDB CHARACTER SET = utf8 COLLATE = utf8_general_ci COMMENT = '课程发布' ROW_FORMAT = DYNAMIC;

-- ----------------------------
-- Records of course_publish
-- ----------------------------
INSERT INTO `course_publish` VALUES (61, 1854545533041926145, 'ttgd', '英语', '高中', '语句结构', NULL, '高三', '线上', '/mediafiles/2024/11/08/34566e60d69fff612ed7b1ea8e843be6.jpg', '【高中英语从零开始】开更！基本句子结构丨保姆级讲解【不分教材版本】', '{\"charge\":\"201000\",\"id\":61,\"memberPrice\":100,\"phone\":\"19196231551\",\"qq\":\"2475017482\",\"validDays\":365,\"wechat\":\"nicetomeettgd6\"}', '[{\"courseId\":61,\"createDate\":\"2024-11-08 22:24:02\",\"description\":\"从零开始了解英语的基本句子结构\",\"id\":42,\"label\":\"[\\\"主语 \\\",\\\"谓语 \\\",\\\"宾语 \\\",\\\"表语\\\",\\\"状语\\\"]\",\"mediaType\":\"MP4\",\"orderby\":1,\"pname\":\"基本句子结构\",\"status\":1,\"teachplanMedia\":{\"courseId\":61,\"id\":108,\"mediaFileName\":\"820858815-1-16.mp4\",\"mediaId\":\"62cf0b2249a2448525f91d2b4dc16a57\",\"teachplanId\":42}},{\"courseId\":61,\"createDate\":\"2024-11-08 22:55:10\",\"description\":\"讲解一些英语的基础语法知识\",\"id\":43,\"label\":\"[\\\"基础语法知识\\\"]\",\"mediaType\":\"MP4\",\"orderby\":2,\"pname\":\"名词短语、形容词短语、副词短语\",\"status\":1,\"teachplanMedia\":{\"courseId\":61,\"id\":109,\"mediaFileName\":\"817355898-1-16.mp4\",\"mediaId\":\"e1cba1434ab6035149bd752fa598146a\",\"teachplanId\":43}},{\"courseId\":61,\"createDate\":\"2024-11-08 23:02:39\",\"description\":\"手把手带你分析句子成分，轻松进阶复合句！\",\"id\":44,\"label\":\"[\\\"简单语法\\\",\\\"简单复合句\\\"]\",\"mediaType\":\"MP4\",\"orderby\":3,\"pname\":\"从简单句到复合句\",\"status\":1,\"teachplanMedia\":{\"courseId\":61,\"id\":110,\"mediaFileName\":\"823834284-1-16.mp4\",\"mediaId\":\"cc2ffc3342c159f47695afd88c7b643f\",\"teachplanId\":44}},{\"courseId\":61,\"createDate\":\"2024-11-08 23:05:52\",\"description\":\"英语难解之谜，用思维搞定！\",\"id\":45,\"label\":\"[\\\"简单语法\\\",\\\"及物动词\\\"]\",\"mediaType\":\"MP4\",\"orderby\":4,\"pname\":\"及物动词\",\"status\":1,\"teachplanMedia\":{\"courseId\":61,\"id\":111,\"mediaFileName\":\"829916813-1-16.mp4\",\"mediaId\":\"cf139c2b33811931cdc4f51d063c4519\",\"teachplanId\":45}},{\"courseId\":61,\"createDate\":\"2024-11-09 00:04:50\",\"description\":\"用翻译的方式学定语从句，是什么样子？\",\"id\":47,\"label\":\"[\\\"定语从句\\\"]\",\"mediaType\":\"MP4\",\"orderby\":5,\"pname\":\"定语从句（上）\",\"status\":1,\"teachplanMedia\":{\"courseId\":61,\"id\":112,\"mediaFileName\":\"定语从句（上）.mp4\",\"mediaId\":\"a7ecf4f77151a20cb2938b439ca25819\",\"teachplanId\":47}},{\"courseId\":61,\"createDate\":\"2024-11-09 00:07:30\",\"description\":\"分隔式定从？关系词省略？特殊先行词？一站式解决！\",\"id\":48,\"label\":\"[\\\"定语从句\\\"]\",\"mediaType\":\"MP4\",\"orderby\":6,\"pname\":\"定语从句（下）\",\"status\":1,\"teachplanMedia\":{\"courseId\":61,\"id\":113,\"mediaFileName\":\"定语从句（下）.mp4\",\"mediaId\":\"39c3d5d27c970e567fdf7bc27d865432\",\"teachplanId\":48}},{\"courseId\":61,\"createDate\":\"2024-11-09 00:09:21\",\"description\":\"一句So what玩转非限制性定语从句，易懂、更好用！\",\"id\":49,\"label\":\"[\\\"非限制性定语从句\\\"]\",\"mediaType\":\"MP4\",\"orderby\":7,\"pname\":\"非限制性定语从句\",\"status\":1,\"teachplanMedia\":{\"courseId\":61,\"id\":114,\"mediaFileName\":\"非限制性定语从句.mp4\",\"mediaId\":\"3430a03f3abe86a1a2c478a7c09db296\",\"teachplanId\":49}}]', NULL, NULL, NULL, NULL, '2003002', NULL, '201001', 360, NULL, '[\"语句结构\"]');
INSERT INTO `course_publish` VALUES (65, 1854934298709209090, 'kimo', '高中生物必修一（新人教版）', '高中生', '数学', NULL, '高三', '线上', '/mediafiles/2024/11/13/eb9a2be743c5c4e72569844f3b7e9900.png', '免费的高中物理系统课程来咯，20小时带你复习完高中物理，涵盖全部常见知识点，欢迎大家进来一起学习，多发弹幕评论，感谢支持！', '{\"charge\":\"201000\",\"id\":65,\"memberPrice\":0,\"phone\":\"15768334566\",\"qq\":\"3248034755\",\"validDays\":360,\"wechat\":\"xiaohanya005\"}', '[{\"courseId\":65,\"createDate\":\"2024-11-13 09:07:04\",\"description\":\"从零开始\",\"id\":51,\"label\":\"[\\\"基本物理\\\"]\",\"mediaType\":\"MP4\",\"orderby\":1,\"pname\":\"运动基本物理量\",\"status\":1,\"teachplanMedia\":{\"courseId\":65,\"id\":115,\"mediaFileName\":\"457142833-1-16.mp4\",\"mediaId\":\"df61dc8cea6d51f952228a3b4e85ef8c\",\"teachplanId\":51}},{\"courseId\":65,\"createDate\":\"2024-11-25 12:35:02\",\"description\":\"无\",\"id\":139,\"label\":\"[\\\"无\\\"]\",\"mediaType\":\"MP4\",\"orderby\":2,\"pname\":\"测试\",\"status\":1,\"teachplanMedia\":{\"courseId\":65,\"id\":198,\"mediaFileName\":\"集合.mp4\",\"mediaId\":\"0134b3262914f6b383ba7ca27791e3bf\",\"teachplanId\":139}}]', NULL, NULL, NULL, NULL, '2003002', NULL, '201000', 360, NULL, '[\"物理\"]');
INSERT INTO `course_publish` VALUES (66, 1854934298709209090, 'kimo', '高中历史', '高中学习历史的人群', '历史', NULL, '高三', '线上', '/mediafiles/2024/11/13/42eb42b83a8f0e368eac5fd15315bb9e.jpg', '思维导图搞定部编版新教材高中历史全套合集', '{\"charge\":\"201001\",\"id\":66,\"memberPrice\":100,\"phone\":\"15768334566\",\"qq\":\"3248034755\",\"validDays\":360,\"wechat\":\"xiaohanya005\"}', '[{\"courseId\":66,\"createDate\":\"2024-11-13 09:29:26\",\"description\":\"中华文明起源与早期国家\",\"id\":52,\"label\":\"[\\\"中华文明起源与早期国家\\\"]\",\"mediaType\":\"MP4\",\"orderby\":1,\"pname\":\"中华文明起源与早期国家\",\"status\":1,\"teachplanMedia\":{\"courseId\":66,\"id\":117,\"mediaFileName\":\"中华文明起源与早期国家.mp4\",\"mediaId\":\"a192d0f502e140fc3dee4d1fd3c9b328\",\"teachplanId\":52}},{\"courseId\":66,\"createDate\":\"2024-11-13 09:33:04\",\"description\":\"春秋战国\",\"id\":53,\"label\":\"[\\\"春秋战国\\\"]\",\"mediaType\":\"MP4\",\"orderby\":2,\"pname\":\"春秋战国\",\"status\":1,\"teachplanMedia\":{\"courseId\":66,\"id\":118,\"mediaFileName\":\"春秋战国.mp4\",\"mediaId\":\"0957b94bb41607909f106047bc4dee93\",\"teachplanId\":53}},{\"courseId\":66,\"createDate\":\"2024-11-13 09:42:53\",\"description\":\"秦朝\",\"id\":54,\"label\":\"[\\\"秦朝\\\",\\\"历史\\\"]\",\"mediaType\":\"MP4\",\"orderby\":3,\"pname\":\"秦朝\",\"status\":1,\"teachplanMedia\":{\"courseId\":66,\"id\":119,\"mediaFileName\":\"秦朝.mp4\",\"mediaId\":\"b6a0f3bfaffe177c05ebab466b2f6d7a\",\"teachplanId\":54}}]', NULL, NULL, NULL, NULL, '2003002', NULL, '201001', 360, NULL, '[\"历史\",\"校园学习\",\"中国史\"]');
INSERT INTO `course_publish` VALUES (67, 1854934298709209090, 'kimo', '高中历史(下)', '高中学习历史的人群', '历史', NULL, '高三', '线上', '/mediafiles/2024/11/13/42eb42b83a8f0e368eac5fd15315bb9e.jpg', '中国近代史', '{\"charge\":\"201001\",\"id\":67,\"memberPrice\":100,\"phone\":\"15768334566\",\"qq\":\"3248034755\",\"validDays\":360,\"wechat\":\"xiaohanya005\"}', '[{\"courseId\":67,\"createDate\":\"2024-11-13 10:03:02\",\"description\":\"西汉\",\"id\":55,\"label\":\"[\\\"中国史\\\",\\\"西汉\\\"]\",\"mediaType\":\"MP4\",\"orderby\":1,\"pname\":\"西汉\",\"status\":1,\"teachplanMedia\":{\"courseId\":67,\"id\":121,\"mediaFileName\":\"西汉.mp4\",\"mediaId\":\"93e8ecaaeac481ddcb7218e8172f27b7\",\"teachplanId\":55}},{\"courseId\":67,\"createDate\":\"2024-11-13 10:03:35\",\"description\":\"东汉\",\"id\":56,\"label\":\"[\\\"中国史\\\",\\\"东汉\\\"]\",\"mediaType\":\"MP4\",\"orderby\":2,\"pname\":\"东汉\",\"status\":1,\"teachplanMedia\":{\"courseId\":67,\"id\":122,\"mediaFileName\":\"东汉.mp4\",\"mediaId\":\"ac198fec18a53863951ff72be4bce4c8\",\"teachplanId\":56}},{\"courseId\":67,\"createDate\":\"2024-11-13 10:04:30\",\"description\":\"两汉文化\",\"id\":57,\"label\":\"[\\\"中国史\\\",\\\"西汉 东汉 两汉文化\\\"]\",\"mediaType\":\"MP4\",\"orderby\":3,\"pname\":\"两汉文化\",\"status\":1,\"teachplanMedia\":{\"courseId\":67,\"id\":123,\"mediaFileName\":\"两汉文化.mp4\",\"mediaId\":\"d3db8d1c7703122465b81d2ed9ee4675\",\"teachplanId\":57}},{\"courseId\":67,\"createDate\":\"2024-11-13 10:07:51\",\"description\":\"三国两晋南北朝\",\"id\":58,\"label\":\"[\\\"中国史\\\",\\\"三国两晋南北朝\\\"]\",\"mediaType\":\"MP4\",\"orderby\":4,\"pname\":\"三国两晋南北朝\",\"status\":1,\"teachplanMedia\":{\"courseId\":67,\"id\":124,\"mediaFileName\":\"三国两晋南北朝.mp4\",\"mediaId\":\"8732a1025afbb2b841063bf8580ca895\",\"teachplanId\":58}},{\"courseId\":67,\"createDate\":\"2024-11-13 10:10:49\",\"description\":\"隋唐五代十国\",\"id\":59,\"label\":\"[\\\"中国史\\\",\\\"隋唐五代十国\\\"]\",\"mediaType\":\"MP4\",\"orderby\":5,\"pname\":\"隋唐五代十国\",\"status\":1,\"teachplanMedia\":{\"courseId\":67,\"id\":125,\"mediaFileName\":\"隋唐五代十国.mp4\",\"mediaId\":\"f0a299a009829077b273b3c3d9686e45\",\"teachplanId\":59}}]', NULL, NULL, NULL, NULL, '2003002', NULL, '201001', 360, NULL, '[\"历史\",\"中国史\",\"校园学习\"]');
INSERT INTO `course_publish` VALUES (68, 1854934298709209090, 'kimo', '高中历史(下)', '高中生', '语文', NULL, '高三', '线上', '/mediafiles/2024/11/13/5405983e3c4fc4dbff8954e02c75c413.jpg', '高中语文', '{\"charge\":\"201001\",\"id\":68,\"memberPrice\":100,\"phone\":\"15768334566\",\"qq\":\"3248034755\",\"validDays\":360,\"wechat\":\"xiaohanya005\"}', '[{\"courseId\":68,\"createDate\":\"2024-11-13 10:21:37\",\"description\":\"起始课\",\"id\":60,\"label\":\"[\\\"语文\\\",\\\"课文理解\\\"]\",\"mediaType\":\"MP4\",\"orderby\":1,\"pname\":\"起始课\",\"status\":1,\"teachplanMedia\":{\"courseId\":68,\"id\":126,\"mediaFileName\":\"起始课.mp4\",\"mediaId\":\"94db24a231192e1d62ab256d74edad64\",\"teachplanId\":60}},{\"courseId\":68,\"createDate\":\"2024-11-13 10:22:50\",\"description\":\"沁园春·长沙\",\"id\":61,\"label\":\"[\\\"沁园春·长沙\\\",\\\"语文课程\\\"]\",\"mediaType\":\"MP4\",\"orderby\":2,\"pname\":\"沁园春·长沙\",\"status\":1,\"teachplanMedia\":{\"courseId\":68,\"id\":127,\"mediaFileName\":\"沁园春·长沙.mp4\",\"mediaId\":\"f20f678dac674bb226a45b37de06d354\",\"teachplanId\":61}},{\"courseId\":68,\"createDate\":\"2024-11-13 10:38:03\",\"description\":\"讲述琵琶行的课文，语句翻译以及本文的意象\",\"id\":62,\"label\":\"[\\\"文言文\\\",\\\"语文\\\",\\\"教学\\\"]\",\"mediaType\":\"MP4\",\"orderby\":3,\"pname\":\"琵琶行\",\"status\":1,\"teachplanMedia\":{\"courseId\":68,\"id\":128,\"mediaFileName\":\"琵琶行.mp4\",\"mediaId\":\"c1429c7142eda98ff7b17971cfe1c99f\",\"teachplanId\":62}},{\"courseId\":68,\"createDate\":\"2024-11-13 10:41:18\",\"description\":\"讲述红烛这篇文章的意象以及帮助我们更好理解课文\",\"id\":63,\"label\":\"[\\\"高一\\\",\\\"课文\\\"]\",\"mediaType\":\"MP4\",\"orderby\":4,\"pname\":\"红烛\",\"status\":1,\"teachplanMedia\":{\"courseId\":68,\"id\":129,\"mediaFileName\":\"红烛.mp4\",\"mediaId\":\"ec4ce41e142d4010e7201e925a3637f8\",\"teachplanId\":63}},{\"courseId\":68,\"createDate\":\"2024-11-13 10:44:33\",\"description\":\"讲述致云雀的内容以及理解，描述致云雀的意象\",\"id\":64,\"label\":\"[\\\"高一\\\",\\\"语文课文\\\",\\\"古诗词\\\"]\",\"mediaType\":\"MP4\",\"orderby\":5,\"pname\":\"致云雀\",\"status\":1,\"teachplanMedia\":{\"courseId\":68,\"id\":130,\"mediaFileName\":\"致云雀.mp4\",\"mediaId\":\"2abe3a4829f9f36991e4378f1f8255ae\",\"teachplanId\":64}},{\"courseId\":68,\"createDate\":\"2024-11-13 10:53:25\",\"description\":\"讲述蜀道难这篇文言文的创作，文章重难点，文言文翻译以及本文意象\",\"id\":65,\"label\":\"[\\\"高二\\\",\\\"文言文\\\",\\\"语文文章\\\",\\\"诗歌赏析\\\"]\",\"mediaType\":\"MP4\",\"orderby\":6,\"pname\":\"蜀道难\",\"status\":1,\"teachplanMedia\":{\"courseId\":68,\"id\":131,\"mediaFileName\":\"蜀道难.mp4\",\"mediaId\":\"11d487ab2b81b8af3acf24ddf46ee0e9\",\"teachplanId\":65}}]', NULL, NULL, NULL, NULL, '2003002', NULL, '201001', 360, NULL, '[\"语文\",\"校园学习\",\"教程\"]');
INSERT INTO `course_publish` VALUES (69, 1854934298709209090, 'kimo', '高中数学(零基础)', '高中数学基础不牢固的人群', '数学', NULL, '高三', '线上', '/mediafiles/2024/11/13/3499efd438e2307a9df28efbe2a5e2a0.jpg', '介绍高中数学所有基础知识点合集零基础也能学', '{\"charge\":\"201001\",\"id\":69,\"memberPrice\":100,\"phone\":\"15768334566\",\"qq\":\"3248034755\",\"validDays\":360,\"wechat\":\"xiaohanya005\"}', '[{\"courseId\":69,\"createDate\":\"2024-11-13 11:17:08\",\"description\":\"介绍集合的概念，集合与集合的关系\",\"id\":66,\"label\":\"[\\\"高一\\\",\\\"集合\\\",\\\"基础知识点\\\"]\",\"mediaType\":\"MP4\",\"orderby\":1,\"pname\":\"集合\",\"status\":1,\"teachplanMedia\":{\"courseId\":69,\"id\":132,\"mediaFileName\":\"集合.mp4\",\"mediaId\":\"0134b3262914f6b383ba7ca27791e3bf\",\"teachplanId\":66}},{\"courseId\":69,\"createDate\":\"2024-11-13 11:23:00\",\"description\":\"介绍函数的基础概念知识点\",\"id\":67,\"label\":\"[\\\"高二\\\",\\\"函数\\\",\\\"基础知识点\\\"]\",\"mediaType\":\"MP4\",\"orderby\":2,\"pname\":\"函数\",\"status\":1,\"teachplanMedia\":{\"courseId\":69,\"id\":133,\"mediaFileName\":\"函数.mp4\",\"mediaId\":\"043b0dd7a34e0cc7b5c01630be79eb9b\",\"teachplanId\":67}},{\"courseId\":69,\"createDate\":\"2024-11-13 11:27:15\",\"description\":\"介绍立体几何基础知识点以及几种立体几何的图形和需要注重的点\",\"id\":68,\"label\":\"[\\\"高二\\\",\\\"立体几何\\\",\\\"基础知识点\\\"]\",\"mediaType\":\"MP4\",\"orderby\":3,\"pname\":\"立体几何\",\"status\":1,\"teachplanMedia\":{\"courseId\":69,\"id\":134,\"mediaFileName\":\"立体几何.mp4\",\"mediaId\":\"ca9d595a91ae1a4e8ef93a3a6794cf59\",\"teachplanId\":68}},{\"courseId\":69,\"createDate\":\"2024-11-13 11:32:22\",\"description\":\"介绍三角函数的基础知识点基本初等函数以及三角函数公式\",\"id\":69,\"label\":\"[\\\"高二\\\",\\\"三角函数\\\",\\\"基础知识点\\\"]\",\"mediaType\":\"MP4\",\"orderby\":4,\"pname\":\"三角函数\",\"status\":1,\"teachplanMedia\":{\"courseId\":69,\"id\":135,\"mediaFileName\":\"三角函数mp4.mp4\",\"mediaId\":\"88c4e33cb32660b779a6ca9f44b10ca2\",\"teachplanId\":69}}]', NULL, NULL, NULL, NULL, '2003002', NULL, '201001', 360, NULL, '[\"数学\",\"零基础\",\"全知识合集\",\"校园学习\",\"集合\",\"函数\",\"立体几何\"]');
INSERT INTO `course_publish` VALUES (70, 1854934298709209090, 'kimo', '高中数学基础与解法全集', '高一高二正在学习新知识点的人群和高三准高考生', '数学', NULL, '高三', '线上', '/mediafiles/2024/11/14/5926c39c333735ff75aab9e26bd8867e.jpg', '该课程涵盖了高中数学所有基础知识点以及其进阶用法和各个知识点的重难点', '{\"charge\":\"201001\",\"id\":70,\"memberPrice\":100,\"phone\":\"15768334566\",\"qq\":\"3248034755\",\"validDays\":360,\"wechat\":\"xiaohanya005\"}', '[{\"courseId\":70,\"createDate\":\"2024-11-14 00:45:11\",\"description\":\"本节课讲述了集合的基础知识点和用法以及一些经典题型的讲解\",\"id\":70,\"label\":\"[\\\"集合\\\",\\\"基础知识\\\",\\\"概念\\\",\\\"用法\\\"]\",\"mediaType\":\"MP4\",\"orderby\":1,\"pname\":\"集合的概念\",\"status\":1,\"teachplanMedia\":{\"courseId\":70,\"id\":136,\"mediaFileName\":\"集合的概念.mp4\",\"mediaId\":\"ecc2339bf40948e5f1683eba2a3e1287\",\"teachplanId\":70}},{\"courseId\":70,\"createDate\":\"2024-11-14 00:48:35\",\"description\":\"本节课介绍了子集的概念和基础知识点以及讲解了许多经典题型\",\"id\":71,\"label\":\"[\\\"子集的概念\\\",\\\"集合\\\",\\\"高一数学\\\",\\\"基础知识点\\\"]\",\"mediaType\":\"MP4\",\"orderby\":2,\"pname\":\"子集的概念\",\"status\":1,\"teachplanMedia\":{\"courseId\":70,\"id\":137,\"mediaFileName\":\"子集的概念.mp4\",\"mediaId\":\"65ae81ee4ac46da78f89145318e59ae9\",\"teachplanId\":71}},{\"courseId\":70,\"createDate\":\"2024-11-14 00:52:55\",\"description\":\"本节课讲述了交并补运算的基础知识点以及讲解交并补运算的经典题型\",\"id\":72,\"label\":\"[\\\"交并补运算\\\",\\\"高一数学\\\",\\\"基础知识点\\\",\\\"经典题型\\\"]\",\"mediaType\":\"MP4\",\"orderby\":3,\"pname\":\"交并补运算\",\"status\":1,\"teachplanMedia\":{\"courseId\":70,\"id\":138,\"mediaFileName\":\"交并补运算.mp4\",\"mediaId\":\"318fb46740994107332b92c159d4d712\",\"teachplanId\":72}},{\"courseId\":70,\"createDate\":\"2024-11-14 00:56:36\",\"description\":\"本节课讲述集合的易错大盘点并帮助同学巩固集合的知识点讲解各种经典易错题\",\"id\":73,\"label\":\"[\\\"集合\\\",\\\"易错大盘点\\\",\\\"高一数学\\\",\\\"知识点巩固\\\"]\",\"mediaType\":\"MP4\",\"orderby\":4,\"pname\":\"集合的易错大盘点\",\"status\":1,\"teachplanMedia\":{\"courseId\":70,\"id\":139,\"mediaFileName\":\"集合的易错大盘点.mp4\",\"mediaId\":\"cde17f1efe5c23a7584977d33faf29a0\",\"teachplanId\":73}},{\"courseId\":70,\"createDate\":\"2024-11-14 00:59:15\",\"description\":\"本节课讲述了逻辑里面的充分必要条件及其知识点和用法并用题目帮助同学更好理解充分必要条件\",\"id\":74,\"label\":\"[\\\"逻辑\\\",\\\"充分必要条件\\\",\\\"高一数学\\\",\\\"基础知识点\\\",\\\"题型讲解\\\"]\",\"mediaType\":\"MP4\",\"orderby\":5,\"pname\":\"充分必要条件\",\"status\":1,\"teachplanMedia\":{\"courseId\":70,\"id\":140,\"mediaFileName\":\"充分必要条件.mp4\",\"mediaId\":\"a5de7d1e1cb6b19ce5b94a651e0833ab\",\"teachplanId\":74}},{\"courseId\":70,\"createDate\":\"2024-11-14 01:02:38\",\"description\":\"本节课讲述了逻辑中的全称与存在量词及其基础知识点并讲解了一些经典题目\",\"id\":75,\"label\":\"[\\\"逻辑\\\",\\\"全称与存在量词\\\",\\\"高一数学\\\",\\\"基础知识点\\\",\\\"题型讲解\\\"]\",\"mediaType\":\"MP4\",\"orderby\":6,\"pname\":\"全称与存在量词\",\"status\":1,\"teachplanMedia\":{\"courseId\":70,\"id\":141,\"mediaFileName\":\"全称与存在量词.mp4\",\"mediaId\":\"bc2e8ba2867dc8be204bfed5d38fd210\",\"teachplanId\":75}},{\"courseId\":70,\"createDate\":\"2024-11-14 01:06:03\",\"description\":\"本节课讲述了不等式的性质和知识点和经典题型讲解帮助同学巩固不等式的性质\",\"id\":76,\"label\":\"[\\\"不等式\\\",\\\"高一数学\\\",\\\"基础知识点\\\",\\\"题型讲解\\\",\\\"不等式的性质\\\"]\",\"mediaType\":\"MP4\",\"orderby\":7,\"pname\":\"不等式的性质\",\"status\":1,\"teachplanMedia\":{\"courseId\":70,\"id\":142,\"mediaFileName\":\"不等式的性质.mp4\",\"mediaId\":\"09e26407bfc9ce82fa0097481032ee6e\",\"teachplanId\":76}},{\"courseId\":70,\"createDate\":\"2024-11-14 01:09:08\",\"description\":\"本节课讲述了不等式中的基本不等式及其知识点重难点并与大量题型讲解来帮助同学理解基本不等式\",\"id\":77,\"label\":\"[\\\"不等式\\\",\\\"基本不等式\\\",\\\"高一数学\\\",\\\"基础知识点\\\",\\\"题型讲解\\\"]\",\"mediaType\":\"MP4\",\"orderby\":8,\"pname\":\"基本不等式\",\"status\":1,\"teachplanMedia\":{\"courseId\":70,\"id\":143,\"mediaFileName\":\"基本不等式.mp4\",\"mediaId\":\"6e6bd15f37da61848a7c185628148292\",\"teachplanId\":77}},{\"courseId\":70,\"createDate\":\"2024-11-14 01:13:56\",\"description\":\"本节课讲述了基本不等式的进阶知识，让同学们更深刻了解基本不等式并用大量题型讲解帮助同学巩固基本不等式\",\"id\":78,\"label\":\"[\\\"不等式\\\",\\\"基本不等式\\\",\\\"进阶知识\\\",\\\"题型讲解\\\",\\\"高一数学\\\"]\",\"mediaType\":\"MP4\",\"orderby\":9,\"pname\":\"基本不等式(进阶篇)\",\"status\":1,\"teachplanMedia\":{\"courseId\":70,\"id\":144,\"mediaFileName\":\"基本不等式(进阶篇).mp4\",\"mediaId\":\"4b28497b5234d4e3f6443f497c73718c\",\"teachplanId\":78}},{\"courseId\":70,\"createDate\":\"2024-11-14 01:17:44\",\"description\":\"本节课讲述二次函数的概念及其基础知识点并用大量题型帮助题型认识与了解二次函数\",\"id\":79,\"label\":\"[\\\"函数\\\",\\\"二次函数\\\",\\\"高二数学\\\",\\\"基础知识点\\\",\\\"题型讲解\\\"]\",\"mediaType\":\"MP4\",\"orderby\":10,\"pname\":\"二次函数\",\"status\":1,\"teachplanMedia\":{\"courseId\":70,\"id\":145,\"mediaFileName\":\"二次函数.mp4\",\"mediaId\":\"98ad0bf3d6888c87f673afe3c30b20ea\",\"teachplanId\":79}},{\"courseId\":70,\"createDate\":\"2024-11-14 01:20:55\",\"description\":\"本节课讲述了二次函数根的分布情况概念及其知识点难易点并用更多的题目帮助题型了解二次函数根的分布情况\",\"id\":80,\"label\":\"[\\\"函数\\\",\\\"二次函数\\\",\\\"二次函数根的分布情况\\\",\\\"基础知识点\\\",\\\"题型讲解\\\"]\",\"mediaType\":\"MP4\",\"orderby\":11,\"pname\":\"二次函数根的分布情况\",\"status\":1},{\"courseId\":70,\"createDate\":\"2024-11-14 01:24:27\",\"description\":\"本节课讲述了函数的基本概念和知识点并道出函数的定义域这一概念，通过概念和题目的讲解能更好的帮助同学理解函数的概念\",\"id\":81,\"label\":\"[\\\"函数\\\",\\\"函数的概念\\\",\\\"定义域\\\",\\\"知识点\\\",\\\"题型讲解\\\"]\",\"mediaType\":\"MP4\",\"orderby\":12,\"pname\":\"函数的概念\",\"status\":1,\"teachplanMedia\":{\"courseId\":70,\"id\":146,\"mediaFileName\":\"函数的概念.mp4\",\"mediaId\":\"f04bb51a52c109c296ea4572fbe3c414\",\"teachplanId\":81}},{\"courseId\":70,\"createDate\":\"2024-11-14 01:27:21\",\"description\":\"本节课讲述了函数解析式的几种求法并用题目讲解教同学如何运用各种求法\",\"id\":82,\"label\":\"[\\\"函数\\\",\\\"函数解析式\\\",\\\"知识点概况\\\",\\\"题型讲解\\\"]\",\"mediaType\":\"MP4\",\"orderby\":13,\"pname\":\"函数解析式求法\",\"status\":1,\"teachplanMedia\":{\"courseId\":70,\"id\":147,\"mediaFileName\":\"函数解析式求法.mp4\",\"mediaId\":\"5f3cfae1a693c61600ec13755038b330\",\"teachplanId\":82}},{\"courseId\":70,\"createDate\":\"2024-11-14 01:30:00\",\"description\":\"本节课讲述了函数的值域的基础概率和知识点，并通过题目教同学们如何求函数的值域\",\"id\":83,\"label\":\"[\\\"函数\\\",\\\"值域\\\",\\\"知识点概况\\\",\\\"题型讲解\\\"]\",\"mediaType\":\"MP4\",\"orderby\":14,\"pname\":\"分式函数的值域\",\"status\":1,\"teachplanMedia\":{\"courseId\":70,\"id\":148,\"mediaFileName\":\"分式函数的值域.mp4\",\"mediaId\":\"1906ac37162b4356f9c61fc006a00e30\",\"teachplanId\":83}},{\"courseId\":70,\"createDate\":\"2024-11-14 01:33:07\",\"description\":\"本节课讲述了函数的单调性基础概念和知识点并用题目讲解来让同学们更好辨别出函数的单调性\",\"id\":84,\"label\":\"[\\\"函数\\\",\\\"单调性\\\",\\\"知识点概况\\\",\\\"题型讲解\\\"]\",\"mediaType\":\"MP4\",\"orderby\":15,\"pname\":\"函数单调性\",\"status\":1,\"teachplanMedia\":{\"courseId\":70,\"id\":149,\"mediaFileName\":\"函数单调性.mp4\",\"mediaId\":\"d57c047a0b5f312a34a8c3cf3f70e7fe\",\"teachplanId\":84}},{\"courseId\":70,\"createDate\":\"2024-11-14 01:37:24\",\"description\":\"本节课讲述了函数奇偶性的概念和知识点，通过题目来让同学门更好理解函数的奇偶性\",\"id\":85,\"label\":\"[\\\"函数\\\",\\\"奇偶性\\\",\\\"知识点概念\\\",\\\"题型讲解\\\"]\",\"mediaType\":\"MP4\",\"orderby\":16,\"pname\":\"函数奇偶性\",\"status\":1,\"teachplanMedia\":{\"courseId\":70,\"id\":150,\"mediaFileName\":\"函数的奇偶性.mp4\",\"mediaId\":\"2e836a45b6988c1ee8013e702fad2b43\",\"teachplanId\":85}},{\"courseId\":70,\"createDate\":\"2024-11-14 01:40:37\",\"description\":\"本节课讲述了幂函数的概念和知识点及有哪些常见的幂函数并通过题目让同学更好巩固幂函数知识点\",\"id\":86,\"label\":\"[\\\"函数\\\",\\\"幂函数\\\",\\\"知识点概况\\\",\\\"题型讲解\\\"]\",\"mediaType\":\"MP4\",\"orderby\":17,\"pname\":\"幂函数\",\"status\":1,\"teachplanMedia\":{\"courseId\":70,\"id\":151,\"mediaFileName\":\"幂函数.mp4\",\"mediaId\":\"5a0e61fc709941854f6d0c6d1cf88cbc\",\"teachplanId\":86}},{\"courseId\":70,\"createDate\":\"2024-11-14 01:43:22\",\"description\":\"本节课讲述了幂函数计算公式的概念和知识点及有哪些常见的幂函数公式并通过题目让同学更好巩固幂函数的计算公式\",\"id\":87,\"label\":\"[\\\"函数\\\",\\\"幂函数\\\",\\\"计算\\\",\\\"知识点概况\\\",\\\"题型讲解\\\"]\",\"mediaType\":\"MP4\",\"orderby\":18,\"pname\":\"分数指数幂的计算\",\"status\":1,\"teachplanMedia\":{\"courseId\":70,\"id\":153,\"mediaFileName\":\"分数指数幂的计算.mp4\",\"mediaId\":\"cf92fd57ff0e837ef680c04effddef3c\",\"teachplanId\":87}},{\"courseId\":70,\"createDate\":\"2024-11-14 01:48:47\",\"description\":\"本节课讲述了指数函数的概念和知识点及有哪些常见的指数函数并通过题目让同学更好巩固指数函数知识点\",\"id\":88,\"label\":\"[\\\"函数\\\",\\\"指数函数\\\",\\\"知识点概况\\\",\\\"题型讲解\\\"]\",\"mediaType\":\"MP4\",\"orderby\":19,\"pname\":\"指数函数\",\"status\":1,\"teachplanMedia\":{\"courseId\":70,\"id\":154,\"mediaFileName\":\"指数函数.mp4\",\"mediaId\":\"c6c24ae1df69f3ab28dfe3d7af205c4f\",\"teachplanId\":88}},{\"courseId\":70,\"createDate\":\"2024-11-14 01:50:43\",\"description\":\"本节课讲述了对数函数的概念和知识点及有哪些常见的对数函数并通过题目让同学更好巩固对数函数知识点\",\"id\":89,\"label\":\"[\\\"函数\\\",\\\"对数函数\\\",\\\"知识点概况\\\",\\\"题型讲解\\\"]\",\"mediaType\":\"MP4\",\"orderby\":20,\"pname\":\"对数函数\",\"status\":1},{\"courseId\":70,\"createDate\":\"2024-11-14 01:54:35\",\"description\":\"本节课讲述了三角函数的定义和知识点并用题目练习和讲解帮助同学更好的理解三角函数的定义\",\"id\":90,\"label\":\"[\\\"三角函数\\\",\\\"知识点概况\\\",\\\"题型讲解\\\"]\",\"mediaType\":\"MP4\",\"orderby\":21,\"pname\":\"三角函数的定义\",\"status\":1,\"teachplanMedia\":{\"courseId\":70,\"id\":155,\"mediaFileName\":\"三角函数的定义.mp4\",\"mediaId\":\"029adc9716dc7aecd4be6f6900007ad8\",\"teachplanId\":90}},{\"courseId\":70,\"createDate\":\"2024-11-14 01:59:04\",\"description\":\"本节课讲述了sinx的图像与性质和知识点运用图像让同学更直观看到sianx并用题目练习和讲解帮助同学更好的理解三角函数\",\"id\":91,\"label\":\"[\\\"三角函数\\\",\\\"sinx的图像\\\",\\\"知识点概况\\\",\\\"题型讲解\\\"]\",\"mediaType\":\"MP4\",\"orderby\":22,\"pname\":\"sinx的图像与性质\",\"status\":1,\"teachplanMedia\":{\"courseId\":70,\"id\":156,\"mediaFileName\":\"sinx的图像与性质.mp4\",\"mediaId\":\"6c61d3aa1e0ec271a4ae8593f932f2b2\",\"teachplanId\":91}},{\"courseId\":70,\"createDate\":\"2024-11-14 02:01:35\",\"description\":\"本节课讲述了cosx的图像与性质和知识点运用图像让同学更直观看到cosx并用题目练习和讲解帮助同学更好的理解三角函数\",\"id\":92,\"label\":\"[\\\"三角函数\\\",\\\"cosx\\\",\\\"知识点概况\\\",\\\"题型讲解\\\"]\",\"mediaType\":\"MP4\",\"orderby\":23,\"pname\":\"cosx的图像与性质\",\"status\":1,\"teachplanMedia\":{\"courseId\":70,\"id\":157,\"mediaFileName\":\"cosx的图像与性质.mp4\",\"mediaId\":\"bf83bd957e8c9c309b8b457646d32787\",\"teachplanId\":92}},{\"courseId\":70,\"createDate\":\"2024-11-14 02:04:25\",\"description\":\"本节课讲述了tanx的图像与性质和知识点运用图像让同学更直观看到tanx并用题目练习和讲解帮助同学更好的理解三角函数\",\"id\":93,\"label\":\"[\\\"三角函数\\\",\\\"tanx\\\",\\\"知识点概况\\\",\\\"题型讲解\\\"]\",\"mediaType\":\"MP4\",\"orderby\":24,\"pname\":\"tanx的图像与性质\",\"status\":1,\"teachplanMedia\":{\"courseId\":70,\"id\":158,\"mediaFileName\":\"tanx的图像与性质.mp4\",\"mediaId\":\"c9301fce26d078ba28f43525022e5d86\",\"teachplanId\":93}},{\"courseId\":70,\"createDate\":\"2024-11-14 02:07:38\",\"description\":\"本节课讲述了平面向量的基本概念和知识点并用题目练习和讲解帮助同学更好的理解平面向量的基本概念\",\"id\":94,\"label\":\"[\\\"平面向量\\\",\\\"知识点概况\\\",\\\"题型讲解\\\"]\",\"mediaType\":\"MP4\",\"orderby\":25,\"pname\":\"平面向量的基本概念\",\"status\":1,\"teachplanMedia\":{\"courseId\":70,\"id\":159,\"mediaFileName\":\"平面向量的基本概念.mp4\",\"mediaId\":\"1105cccf91a74b8fce16df91ddf1254a\",\"teachplanId\":94}},{\"courseId\":70,\"createDate\":\"2024-11-14 02:10:28\",\"description\":\"本节课讲述了向量的加减法运算法则和知识点到并用题目练习和讲解帮助同学更好的理解和记忆向量的加减法运算法则\",\"id\":95,\"label\":\"[\\\"平面向量\\\",\\\"计算\\\",\\\"知识点概况\\\",\\\"题型讲解\\\"]\",\"mediaType\":\"MP4\",\"orderby\":26,\"pname\":\"向量的加减法运算法则\",\"status\":1,\"teachplanMedia\":{\"courseId\":70,\"id\":160,\"mediaFileName\":\"向量的加减法运算法则.mp4\",\"mediaId\":\"2695819d131ef50c7fd08b90a5f1b276\",\"teachplanId\":95}},{\"courseId\":70,\"createDate\":\"2024-11-14 02:14:14\",\"description\":\"本节课讲述了向量的数量积与投影和知识点并用题目练习和讲解帮助同学更好的理解向量的数量积与投影\",\"id\":96,\"label\":\"[\\\"平面向量\\\",\\\"数量积\\\",\\\"投影\\\",\\\"知识点概况\\\",\\\"题型讲解\\\"]\",\"mediaType\":\"MP4\",\"orderby\":27,\"pname\":\"向量的数量积与投影\",\"status\":1,\"teachplanMedia\":{\"courseId\":70,\"id\":161,\"mediaFileName\":\"向量的数量积与投影.mp4\",\"mediaId\":\"53f2a77b736c88b76286febe5bc3291f\",\"teachplanId\":96}},{\"courseId\":70,\"createDate\":\"2024-11-14 02:17:36\",\"description\":\"本节课讲述了正弦定理的概念和知识点并用题目练习和讲解帮助同学更好的理解正弦定理\",\"id\":97,\"label\":\"[\\\"三角函数\\\",\\\"解三角形\\\",\\\"正弦定理\\\",\\\"知识点概况\\\",\\\"题型讲解\\\"]\",\"mediaType\":\"MP4\",\"orderby\":28,\"pname\":\"正弦定理\",\"status\":1,\"teachplanMedia\":{\"courseId\":70,\"id\":162,\"mediaFileName\":\"正弦定理.mp4\",\"mediaId\":\"6fd2fc281b4f23f2365cf5e4b14e669e\",\"teachplanId\":97}},{\"courseId\":70,\"createDate\":\"2024-11-14 02:19:39\",\"description\":\"本节课讲述了余弦定理的概念和知识点并用题目练习和讲解帮助同学更好的理解余弦定理\",\"id\":98,\"label\":\"[\\\"三角函数\\\",\\\"解三角形\\\",\\\"余弦定理\\\",\\\"知识点概况\\\",\\\"题型讲解\\\"]\",\"mediaType\":\"MP4\",\"orderby\":29,\"pname\":\"余弦定理\",\"status\":1},{\"courseId\":70,\"createDate\":\"2024-11-14 02:22:51\",\"description\":\"本节课讲述了正余弦定理使用策略和知识点并用题目练习和讲解告诉同学正余弦定理使用策略\",\"id\":99,\"label\":\"[\\\"三角函数\\\",\\\"解三角形\\\",\\\"正弦定理\\\",\\\"余弦定理\\\",\\\"知识点概况\\\",\\\"题型讲解\\\"]\",\"mediaType\":\"MP4\",\"orderby\":30,\"pname\":\"正余弦定理使用策略\",\"status\":1,\"teachplanMedia\":{\"courseId\":70,\"id\":163,\"mediaFileName\":\"正余弦定理使用策略.mp4\",\"mediaId\":\"22d49fe7e380a0530839ee51b9ef890f\",\"teachplanId\":99}},{\"courseId\":70,\"createDate\":\"2024-11-14 02:25:13\",\"description\":\"本节课讲述了三角变换法的概念和知识点并用题目练习和讲解帮助同学更好的理解三角变换法\",\"id\":100,\"label\":\"[\\\"三角函数\\\",\\\"解三角形\\\",\\\"三角变换法\\\",\\\"知识点概况\\\",\\\"题型讲解\\\"]\",\"mediaType\":\"MP4\",\"orderby\":31,\"pname\":\"三角变换法\",\"status\":1,\"teachplanMedia\":{\"courseId\":70,\"id\":164,\"mediaFileName\":\"三角变换法.mp4\",\"mediaId\":\"fc5ee8a0bfbf91de9a412b114462310d\",\"teachplanId\":100}},{\"courseId\":70,\"createDate\":\"2024-11-14 02:27:58\",\"description\":\"本节课讲述了数列的概念与表示方法和知识点并用题目练习和讲解帮助同学更好的理解数列的概念\",\"id\":101,\"label\":\"[\\\"数列\\\",\\\"基础知识\\\",\\\"知识点概况\\\",\\\"题型讲解\\\"]\",\"mediaType\":\"MP4\",\"orderby\":32,\"pname\":\"数列的概念与表示方法\",\"status\":1,\"teachplanMedia\":{\"courseId\":70,\"id\":165,\"mediaFileName\":\"数列的概念与表示方法.mp4\",\"mediaId\":\"85a5e58b982eeb79ad3f7c5db5261f5b\",\"teachplanId\":101}},{\"courseId\":70,\"createDate\":\"2024-11-14 02:31:03\",\"description\":\"本节课讲述了等差数列的概念和知识点并用题目练习和讲解帮助同学更好的理解等差数列的概念\",\"id\":102,\"label\":\"[\\\"数列\\\",\\\"等差数列\\\",\\\"知识点概况\\\",\\\"题型讲解\\\"]\",\"mediaType\":\"MP4\",\"orderby\":33,\"pname\":\"等差数列的概念\",\"status\":1},{\"courseId\":70,\"createDate\":\"2024-11-14 02:33:48\",\"description\":\"本节课讲述了等差数列的前n项和概念求法和知识点并用题目练习和讲解帮助同学更好的理解等差数列的前n项和的求法\",\"id\":103,\"label\":\"[\\\"数列\\\",\\\"等差数列\\\",\\\"计算\\\",\\\"知识点概况\\\",\\\"题型讲解\\\"]\",\"mediaType\":\"MP4\",\"orderby\":34,\"pname\":\"等差数列的前n项和\",\"status\":1,\"teachplanMedia\":{\"courseId\":70,\"id\":166,\"mediaFileName\":\"等差数列的前n项和.mp4\",\"mediaId\":\"b57c3585489ee2fa0419c12ae786f9c0\",\"teachplanId\":103}},{\"courseId\":70,\"createDate\":\"2024-11-14 02:36:09\",\"description\":\"本节课讲述了等比数列的概念和知识点并用题目练习和讲解帮助同学更好的理解等比数列的\",\"id\":104,\"label\":\"[\\\"数列\\\",\\\"等比数列\\\",\\\"知识点概况\\\",\\\"题型讲解\\\"]\",\"mediaType\":\"MP4\",\"orderby\":35,\"pname\":\"等比数列的概念\",\"status\":1,\"teachplanMedia\":{\"courseId\":70,\"id\":167,\"mediaFileName\":\"等比数列的概念.mp4\",\"mediaId\":\"0c050e09c391bc873cec5f7f5eb065fc\",\"teachplanId\":104}},{\"courseId\":70,\"createDate\":\"2024-11-14 02:39:13\",\"description\":\"本节课讲述了等比数列的前n项和求法和知识点运并用题目练习和讲解帮助同学更好的理解等比数列的前n项和求法\",\"id\":105,\"label\":\"[\\\"数列\\\",\\\"等比数列\\\",\\\"计算\\\",\\\"知识点概况\\\",\\\"题型讲解\\\"]\",\"mediaType\":\"MP4\",\"orderby\":36,\"pname\":\"等比数列的前n项和\",\"status\":1,\"teachplanMedia\":{\"courseId\":70,\"id\":168,\"mediaFileName\":\"等比数列的前n项和.mp4\",\"mediaId\":\"18b2ffec10fa8f31212e133724e032ed\",\"teachplanId\":105}},{\"courseId\":70,\"createDate\":\"2024-11-14 02:42:36\",\"description\":\"本节课讲述了待定系数与换元法求解通公式和知识点并用题目练习和讲解帮助同学更好的理解和记忆待定系数与换元法求解通公式\",\"id\":106,\"label\":\"[\\\"数列\\\",\\\"待定系数法\\\",\\\"换元法\\\",\\\"计算\\\",\\\"知识点概况\\\",\\\"题型讲解\\\"]\",\"mediaType\":\"MP4\",\"orderby\":37,\"pname\":\"待定系数与换元法求解通公式\",\"status\":1,\"teachplanMedia\":{\"courseId\":70,\"id\":169,\"mediaFileName\":\"待定系数与换元法求解通公式.mp4\",\"mediaId\":\"f351628dd38584744c6d14184c8e9578\",\"teachplanId\":106}},{\"courseId\":70,\"createDate\":\"2024-11-14 02:45:49\",\"description\":\"本节课讲述了错位相减法求数列的求和方法和知识点并用题目练习和讲解帮助同学更好的理解和记忆用错位相减法求数列的和\",\"id\":107,\"label\":\"[\\\"数列\\\",\\\"错位相减法\\\",\\\"计算\\\",\\\"知识点概况\\\",\\\"题型讲解\\\"]\",\"mediaType\":\"MP4\",\"orderby\":38,\"pname\":\"错位相减法求数列的和\",\"status\":1,\"teachplanMedia\":{\"courseId\":70,\"id\":170,\"mediaFileName\":\"错位相减法求数列的和.mp4\",\"mediaId\":\"3bb73b82558b4a43d30911f0816504a1\",\"teachplanId\":107}},{\"courseId\":70,\"createDate\":\"2024-11-14 02:48:23\",\"description\":\"本节课讲述了裂项相消法求数列的和方法和知识点并用题目练习和讲解帮助同学更好的理解和记忆用裂项相消法求数列的和的方法\",\"id\":108,\"label\":\"[\\\"数列\\\",\\\"裂项相消法\\\",\\\"计算\\\",\\\"知识点概况\\\",\\\"题型讲解\\\"]\",\"mediaType\":\"MP4\",\"orderby\":39,\"pname\":\"裂项相消法求数列的和\",\"status\":1},{\"courseId\":70,\"createDate\":\"2024-11-14 02:51:34\",\"description\":\"本节课讲述了倒序相加与分组求和方法和知识点并用题目练习和讲解帮助同学更好的理解和记忆运用倒序相加与分组求和的方法\",\"id\":109,\"label\":\"[\\\"数列\\\",\\\"倒序相加法\\\",\\\"分组求和\\\",\\\"计算\\\",\\\"知识点概况\\\",\\\"题型讲解\\\"]\",\"mediaType\":\"MP4\",\"orderby\":40,\"pname\":\"倒序相加与分组求和\",\"status\":1,\"teachplanMedia\":{\"courseId\":70,\"id\":171,\"mediaFileName\":\"倒序相加与分组求和.mp4\",\"mediaId\":\"6b6ee771fdb1c4b8db1e702b865a8658\",\"teachplanId\":109}},{\"courseId\":70,\"createDate\":\"2024-11-14 02:56:14\",\"description\":\"本节课讲述了复数的概念和知识点并用题目练习和讲解帮助同学更好的理解复数\",\"id\":110,\"label\":\"[\\\"复数\\\",\\\"知识点概况\\\",\\\"题型讲解\\\"]\",\"mediaType\":\"MP4\",\"orderby\":41,\"pname\":\"复数的概念\",\"status\":1,\"teachplanMedia\":{\"courseId\":70,\"id\":172,\"mediaFileName\":\"复数的概念.mp4\",\"mediaId\":\"eb2a65f8ad50a35d0696185a95116355\",\"teachplanId\":110}},{\"courseId\":70,\"createDate\":\"2024-11-14 02:59:31\",\"description\":\"本节课讲述了复数的四则运算概念和知识点并用题目练习和讲解帮助同学更好的理解和运用复数的四则运算\",\"id\":111,\"label\":\"[\\\"复数\\\",\\\"计算\\\",\\\"知识点概况\\\",\\\"题型讲解\\\"]\",\"mediaType\":\"MP4\",\"orderby\":42,\"pname\":\"复数的四则运算\",\"status\":1,\"teachplanMedia\":{\"courseId\":70,\"id\":173,\"mediaFileName\":\"复数的四则运算.mp4\",\"mediaId\":\"b602351bb404b1911322943a70ac9142\",\"teachplanId\":111}},{\"courseId\":70,\"createDate\":\"2024-11-14 03:03:27\",\"description\":\"本节课讲述了几种基本立体图形和知识点并用题目练习和讲解帮助同学更好的辨别各种基本立体图形\",\"id\":112,\"label\":\"[\\\"立体几何\\\",\\\"基本立体图形\\\",\\\"知识点概况\\\",\\\"题型讲解\\\"]\",\"mediaType\":\"MP4\",\"orderby\":43,\"pname\":\"基本立体图形\",\"status\":1,\"teachplanMedia\":{\"courseId\":70,\"id\":174,\"mediaFileName\":\"基本立体图形.mp4\",\"mediaId\":\"2709d85bf479029a4441d87fb9604eb4\",\"teachplanId\":112}},{\"courseId\":70,\"createDate\":\"2024-11-14 03:10:37\",\"description\":\"本节课讲述了简单几何体的表面积与体积运算公式和知识点并用题目练习和讲解帮助同学更好的理解和记忆简单几何体的表面积与体积运算公式\",\"id\":113,\"label\":\"[\\\"立体几何\\\",\\\"表面积\\\",\\\"体积\\\",\\\"知识点概况\\\",\\\"题型讲解\\\"]\",\"mediaType\":\"MP4\",\"orderby\":44,\"pname\":\"简单几何体的表面积与体积\",\"status\":1,\"teachplanMedia\":{\"courseId\":70,\"id\":175,\"mediaFileName\":\"简单几何体的表面积与体积.mp4\",\"mediaId\":\"4b54fd523a18097cd79bc254f87cf782\",\"teachplanId\":113}},{\"courseId\":70,\"createDate\":\"2024-11-14 03:17:27\",\"description\":\"本节课讲述了空间中直线与直线的位置关系和知识点运用图像让同学更直观看到空间中直线与直线的位置关系并用题目练习和讲解帮助同学更好的理解空间中直线与直线的位置关系\",\"id\":114,\"label\":\"[\\\"立体几何\\\",\\\"直线\\\",\\\"知识点概况\\\",\\\"题型讲解\\\"]\",\"mediaType\":\"MP4\",\"orderby\":45,\"pname\":\"空间中直线与直线的位置关系\",\"status\":1,\"teachplanMedia\":{\"courseId\":70,\"id\":176,\"mediaFileName\":\"空间中直线与直线的位置关系.mp4\",\"mediaId\":\"9661bfeb1d93c3cc3df9acad332436a4\",\"teachplanId\":114}},{\"courseId\":70,\"createDate\":\"2024-11-14 03:19:58\",\"description\":\"本节课讲述了随机抽样的概念和知识点并用题目练习和讲解帮助同学更好的理解随机抽样\",\"id\":115,\"label\":\"[\\\"统计与概率\\\",\\\"随机抽样\\\",\\\"知识点概况\\\",\\\"题型讲解\\\"]\",\"mediaType\":\"MP4\",\"orderby\":46,\"pname\":\"随机抽样\",\"status\":1,\"teachplanMedia\":{\"courseId\":70,\"id\":177,\"mediaFileName\":\"随机抽样.mp4\",\"mediaId\":\"b3bef413e66041291e767266a7e37d92\",\"teachplanId\":115}},{\"courseId\":70,\"createDate\":\"2024-11-14 03:22:02\",\"description\":\"本节课讲述了古典概型的概念和知识点并用题目练习和讲解帮助同学更好的理解古典概型\",\"id\":116,\"label\":\"[\\\"统计与概率\\\",\\\"古典概型\\\",\\\"知识点概况\\\",\\\"题型讲解\\\"]\",\"mediaType\":\"MP4\",\"orderby\":47,\"pname\":\"古典概型\",\"status\":1},{\"courseId\":70,\"createDate\":\"2024-11-14 03:25:30\",\"description\":\"本节课讲述了事件的相互独立和知识点并用题目练习和讲解帮助同学更好的理解事件的相互独立\",\"id\":117,\"label\":\"[\\\"统计与概率\\\",\\\"事件的相互独立\\\",\\\"知识点概况\\\",\\\"题型讲解\\\"]\",\"mediaType\":\"MP4\",\"orderby\":48,\"pname\":\"事件的相互独立\",\"status\":1,\"teachplanMedia\":{\"courseId\":70,\"id\":178,\"mediaFileName\":\"事件的相互独立.mp4\",\"mediaId\":\"d871bdc0e4ed6f3d27478d75250d3077\",\"teachplanId\":117}},{\"courseId\":70,\"createDate\":\"2024-11-14 03:29:21\",\"description\":\"本节课讲述了空间向量及其运算和知识点运用图像让同学更直观看到空间向量并用题目练习和讲解帮助同学更好的理解空间向量及其运算\",\"id\":118,\"label\":\"[\\\"立体几何\\\",\\\"空间向量\\\",\\\"计算\\\",\\\"知识点概况\\\",\\\"题型讲解\\\"]\",\"mediaType\":\"MP4\",\"orderby\":49,\"pname\":\"空间向量及其运算\",\"status\":1,\"teachplanMedia\":{\"courseId\":70,\"id\":179,\"mediaFileName\":\"空间向量及其运算.mp4\",\"mediaId\":\"bb5d98daf9f4824e7bdd1b44ee13cb46\",\"teachplanId\":118}},{\"courseId\":70,\"createDate\":\"2024-11-14 03:33:44\",\"description\":\"本节课讲述了s建系与坐标运算和知识点运用图像让同学更直观看到立体几何建立空间直角坐标系并用题目练习和讲解帮助同学更好的理解立体几何建立空间直角坐标系和坐标的运算\",\"id\":119,\"label\":\"[\\\"立体几何\\\",\\\"建系与坐标运算\\\",\\\"计算\\\",\\\"知识点概况\\\",\\\"题型讲解\\\"]\",\"mediaType\":\"MP4\",\"orderby\":50,\"pname\":\"建系与坐标运算\",\"status\":1,\"teachplanMedia\":{\"courseId\":70,\"id\":180,\"mediaFileName\":\"建系与坐标运算.mp4\",\"mediaId\":\"20a161288e663d9823e19685f53cf58c\",\"teachplanId\":119}},{\"courseId\":70,\"createDate\":\"2024-11-14 03:37:23\",\"description\":\"本节课讲述了立体几何证明平行垂直和知识点运用图像让同学更直观看到立体几何直接线与线的关系并用题目练习和讲解帮助同学更好的理解立体几何证明平行垂直\",\"id\":120,\"label\":\"[\\\"立体几何\\\",\\\"证明平行垂直\\\",\\\"知识点概况\\\",\\\"题型讲解\\\"]\",\"mediaType\":\"MP4\",\"orderby\":51,\"pname\":\"证明平行垂直\",\"status\":1,\"teachplanMedia\":{\"courseId\":70,\"id\":181,\"mediaFileName\":\"证明平行垂直.mp4\",\"mediaId\":\"b7360b77a138e07096e3c7c4bfa88375\",\"teachplanId\":120}},{\"courseId\":70,\"createDate\":\"2024-11-14 03:43:45\",\"description\":\"本节课讲述了交点坐标与距离公式和知识点并用题目练习和讲解帮助同学更好的理解交点坐标与距离公式\",\"id\":121,\"label\":\"[\\\"直线与圆\\\",\\\"计算\\\",\\\"知识点概况\\\",\\\"题型讲解\\\"]\",\"mediaType\":\"MP4\",\"orderby\":52,\"pname\":\"交点坐标与距离公式\",\"status\":1,\"teachplanMedia\":{\"courseId\":70,\"id\":182,\"mediaFileName\":\"交点坐标与距离公式.mp4\",\"mediaId\":\"e3a961d36c6ef2ba47476e48c24551c8\",\"teachplanId\":121}},{\"courseId\":70,\"createDate\":\"2024-11-14 03:48:04\",\"description\":\"本节课讲述了直线与圆位置关系和知识点并用题目练习和讲解帮助同学更好的理解和计算直线与圆位置关系\",\"id\":122,\"label\":\"[\\\"直线与圆\\\",\\\"计算\\\",\\\"知识点概况\\\",\\\"题型讲解\\\"]\",\"mediaType\":\"MP4\",\"orderby\":53,\"pname\":\"直线与圆位置关系\",\"status\":1,\"teachplanMedia\":{\"courseId\":70,\"id\":183,\"mediaFileName\":\"直线与圆位置关系.mp4\",\"mediaId\":\"cfa708985da761d6261edf90710cc4f2\",\"teachplanId\":122}},{\"courseId\":70,\"createDate\":\"2024-11-14 03:54:47\",\"description\":\"本节课讲述了圆与圆的位置关系和知识点运用图像让同学更直观看到圆与圆的位置关系并用题目练习和讲解帮助同学更好的理解和计算圆与圆的位置关系\",\"id\":123,\"label\":\"[\\\"直线与圆\\\",\\\"圆与圆的位置关系\\\",\\\"知识点概况\\\",\\\"题型讲解\\\"]\",\"mediaType\":\"MP4\",\"orderby\":54,\"pname\":\"圆与圆的位置关系\",\"status\":1,\"teachplanMedia\":{\"courseId\":70,\"id\":184,\"mediaFileName\":\"圆与圆的位置关系.mp4\",\"mediaId\":\"7eca683b1cbd1409ce14b7f14291282f\",\"teachplanId\":123}},{\"courseId\":70,\"createDate\":\"2024-11-14 03:57:33\",\"description\":\"本节课讲述了椭圆的定义和知识点并用题目练习和讲解帮助同学更好的理解椭圆的定义\",\"id\":124,\"label\":\"[\\\"圆锥曲线\\\",\\\"椭圆\\\",\\\"知识点概况\\\",\\\"题型讲解\\\"]\",\"mediaType\":\"MP4\",\"orderby\":55,\"pname\":\"椭圆的定义\",\"status\":1,\"teachplanMedia\":{\"courseId\":70,\"id\":185,\"mediaFileName\":\"椭圆的定义.mp4\",\"mediaId\":\"dc0d974a2062c02a6df84c0a7b8ecb97\",\"teachplanId\":124}},{\"courseId\":70,\"createDate\":\"2024-11-14 03:59:59\",\"description\":\"本节课讲述了双曲线的定义和知识点并用题目练习和讲解帮助同学更好的理解双曲线的定义\",\"id\":125,\"label\":\"[\\\"圆锥曲线\\\",\\\"双曲线的定义\\\",\\\"知识点概况\\\",\\\"题型讲解\\\"]\",\"mediaType\":\"MP4\",\"orderby\":56,\"pname\":\"双曲线的定义\",\"status\":1,\"teachplanMedia\":{\"courseId\":70,\"id\":186,\"mediaFileName\":\"双曲线的定义.mp4\",\"mediaId\":\"1d3d5441afee949022dd1c6996158e4e\",\"teachplanId\":125}},{\"courseId\":70,\"createDate\":\"2024-11-14 04:02:24\",\"description\":\"本节课讲述了抛物线的定义和知识点并用题目练习和讲解帮助同学更好的理解抛物线的定义\",\"id\":126,\"label\":\"[\\\"圆锥曲线\\\",\\\"抛物线的定义\\\",\\\"知识点概况\\\",\\\"题型讲解\\\"]\",\"mediaType\":\"MP4\",\"orderby\":57,\"pname\":\"抛物线的定义\",\"status\":1,\"teachplanMedia\":{\"courseId\":70,\"id\":187,\"mediaFileName\":\"抛物线的定义.mp4\",\"mediaId\":\"2229dd92a1a183e40aa056670eea30e8\",\"teachplanId\":126}}]', NULL, NULL, NULL, NULL, '2003002', NULL, '201001', 360, NULL, '[\"高中数学\",\"高考知识点\",\"数学基础\",\"校园学习\"]');
INSERT INTO `course_publish` VALUES (82, 1854934298709209090, 'kimo', '高中生物必修一（新人教版）', '66', '数学', NULL, '高三', '线上', '/mediafiles/2024/11/26/dd4da2137bd16e51fc274b6e4419b303.png', '66', '{\"charge\":\"201000\",\"id\":82,\"memberPrice\":100,\"phone\":\"15768334566\",\"qq\":\"3248034755\",\"validDays\":360,\"wechat\":\"xiaohanya005\"}', '[{\"courseId\":82,\"createDate\":\"2024-11-26 22:04:09\",\"description\":\"222\",\"id\":155,\"label\":\"[\\\"66\\\"]\",\"mediaType\":\"MP4\",\"orderby\":1,\"pname\":\"99\",\"status\":1,\"teachplanMedia\":{\"courseId\":82,\"id\":213,\"mediaFileName\":\"集合.mp4\",\"mediaId\":\"0134b3262914f6b383ba7ca27791e3bf\",\"teachplanId\":155}}]', NULL, NULL, NULL, NULL, '2003002', NULL, '201000', 360, NULL, '[\"99\"]');
INSERT INTO `course_publish` VALUES (93, 1862018866981470209, '1234', '测试', '高三', '测试', NULL, '高三', '线上', '/mediafiles/2024/11/25/d3adcf0a9ca488adf5edd714490fb474.png', '适合爱学习人', '{\"charge\":\"201000\",\"id\":93,\"memberPrice\":0,\"phone\":\"18666609151\",\"qq\":\"3248034755\",\"validDays\":360,\"wechat\":\"xiaohanya005\"}', '[{\"courseId\":93,\"createDate\":\"2024-11-28 15:46:41\",\"description\":\"无\",\"id\":173,\"label\":\"[\\\"无\\\"]\",\"mediaType\":\"MP4\",\"orderby\":1,\"pname\":\"测试\",\"status\":1,\"teachplanMedia\":{\"courseId\":93,\"id\":237,\"mediaFileName\":\"记录美好生活.mp4\",\"mediaId\":\"9b4c14bbfa405ea458c6e52965fc75ab\",\"teachplanId\":173}}]', NULL, NULL, NULL, NULL, '2003002', NULL, '201000', 360, NULL, '[\"测试\"]');
INSERT INTO `course_publish` VALUES (95, 1854934298709209090, 'kimo', '数学集合函数', '高一', '数学函数', NULL, '高三', '线上', '/mediafiles/2024/11/28/6b578e5886f7aa3350622cdc19f53ff3.png', '课程讲讲解如何理解集合函数以及对应函数', '{\"charge\":\"201000\",\"id\":95,\"memberPrice\":0,\"phone\":\"18666609151\",\"qq\":\"3248034755\",\"validDays\":360,\"wechat\":\"xiaohanya005\"}', '[{\"courseId\":95,\"createDate\":\"2024-11-28 18:54:10\",\"description\":\"理论讲解\",\"id\":175,\"label\":\"[\\\"集合函数\\\"]\",\"mediaType\":\"MP4\",\"orderby\":1,\"pname\":\"集合函数理论\",\"status\":1,\"teachplanMedia\":{\"courseId\":95,\"id\":239,\"mediaFileName\":\"集合.mp4\",\"mediaId\":\"0134b3262914f6b383ba7ca27791e3bf\",\"teachplanId\":175}}]', NULL, NULL, NULL, NULL, '2003002', NULL, '201000', 360, NULL, '[\"集合函数\"]');

-- ----------------------------
-- Table structure for course_publish_pre
-- ----------------------------
DROP TABLE IF EXISTS `course_publish_pre`;
CREATE TABLE `course_publish_pre`  (
  `id` bigint NOT NULL COMMENT '主键',
  `manager_id` bigint NULL DEFAULT NULL COMMENT '管理员ID',
  `manager` varchar(56) CHARACTER SET utf8 COLLATE utf8_general_ci NULL DEFAULT NULL COMMENT '管理员名字',
  `name` varchar(100) CHARACTER SET utf8 COLLATE utf8_general_ci NOT NULL COMMENT '课程名称',
  `users` varchar(500) CHARACTER SET utf8 COLLATE utf8_general_ci NOT NULL COMMENT '适用人群',
  `tags` varchar(128) CHARACTER SET utf8 COLLATE utf8_general_ci NULL DEFAULT NULL COMMENT '标签',
  `username` varchar(32) CHARACTER SET utf8 COLLATE utf8_general_ci NULL DEFAULT NULL COMMENT '创建人',
  `grade` varchar(32) CHARACTER SET utf8 COLLATE utf8_general_ci NOT NULL COMMENT '课程等级',
  `teachmode` varchar(32) CHARACTER SET utf8 COLLATE utf8_general_ci NOT NULL COMMENT '教育模式',
  `pic` varchar(500) CHARACTER SET utf8 COLLATE utf8_general_ci NOT NULL COMMENT '课程图片',
  `description` text CHARACTER SET utf8 COLLATE utf8_general_ci NULL COMMENT '课程介绍',
  `market` text CHARACTER SET utf8 COLLATE utf8_general_ci NULL COMMENT '课程营销信息，json格式',
  `teachplan` text CHARACTER SET utf8 COLLATE utf8_general_ci NULL COMMENT '所有课程计划，json格式',
  `teachers` text CHARACTER SET utf8 COLLATE utf8_general_ci NULL COMMENT '教师信息，json格式',
  `create_date` datetime NULL DEFAULT NULL COMMENT '提交时间',
  `audit_date` datetime NULL DEFAULT NULL COMMENT '审核时间',
  `status` varchar(10) CHARACTER SET utf8 COLLATE utf8_general_ci NULL DEFAULT '1' COMMENT '状态 1-提交审核 2-审核通过',
  `remark` varchar(500) CHARACTER SET utf8 COLLATE utf8_general_ci NULL DEFAULT NULL COMMENT '备注',
  `charge` varchar(32) CHARACTER SET utf8 COLLATE utf8_general_ci NULL DEFAULT NULL COMMENT '收费规则，对应数据字典--203',
  `valid_days` int NULL DEFAULT NULL COMMENT '课程有效期天数',
  `member_price` float(10, 2) NULL DEFAULT NULL,
  `label` varchar(255) CHARACTER SET utf8 COLLATE utf8_general_ci NULL DEFAULT NULL COMMENT '标签',
  `course_id` bigint NULL DEFAULT NULL COMMENT '对应的课程id',
  PRIMARY KEY (`id`) USING BTREE
) ENGINE = InnoDB CHARACTER SET = utf8 COLLATE = utf8_general_ci COMMENT = '课程发布' ROW_FORMAT = DYNAMIC;

-- ----------------------------
-- Records of course_publish_pre
-- ----------------------------
INSERT INTO `course_publish_pre` VALUES (69, 1854934298709209090, 'kimo', '高中数学(零基础)', '高中数学基础不牢固的人群', '数学', NULL, '高三', '线上', '/mediafiles/2024/11/13/3499efd438e2307a9df28efbe2a5e2a0.jpg', '介绍高中数学所有基础知识点合集零基础也能学', '{\"charge\":\"201001\",\"id\":69,\"memberPrice\":100,\"phone\":\"15768334566\",\"qq\":\"3248034755\",\"validDays\":360,\"wechat\":\"xiaohanya005\"}', '[{\"courseId\":69,\"createDate\":\"2024-11-13 11:17:08\",\"description\":\"介绍集合的概念，集合与集合的关系\",\"id\":66,\"label\":\"[\\\"高一\\\",\\\"集合\\\",\\\"基础知识点\\\"]\",\"mediaType\":\"MP4\",\"orderby\":1,\"pname\":\"集合\",\"status\":1,\"teachplanMedia\":{\"courseId\":69,\"id\":132,\"mediaFileName\":\"集合.mp4\",\"mediaId\":\"0134b3262914f6b383ba7ca27791e3bf\",\"teachplanId\":66}},{\"courseId\":69,\"createDate\":\"2024-11-13 11:23:00\",\"description\":\"介绍函数的基础概念知识点\",\"id\":67,\"label\":\"[\\\"高二\\\",\\\"函数\\\",\\\"基础知识点\\\"]\",\"mediaType\":\"MP4\",\"orderby\":2,\"pname\":\"函数\",\"status\":1,\"teachplanMedia\":{\"courseId\":69,\"id\":133,\"mediaFileName\":\"函数.mp4\",\"mediaId\":\"043b0dd7a34e0cc7b5c01630be79eb9b\",\"teachplanId\":67}},{\"courseId\":69,\"createDate\":\"2024-11-13 11:27:15\",\"description\":\"介绍立体几何基础知识点以及几种立体几何的图形和需要注重的点\",\"id\":68,\"label\":\"[\\\"高二\\\",\\\"立体几何\\\",\\\"基础知识点\\\"]\",\"mediaType\":\"MP4\",\"orderby\":3,\"pname\":\"立体几何\",\"status\":1,\"teachplanMedia\":{\"courseId\":69,\"id\":134,\"mediaFileName\":\"立体几何.mp4\",\"mediaId\":\"ca9d595a91ae1a4e8ef93a3a6794cf59\",\"teachplanId\":68}},{\"courseId\":69,\"createDate\":\"2024-11-13 11:32:22\",\"description\":\"介绍三角函数的基础知识点基本初等函数以及三角函数公式\",\"id\":69,\"label\":\"[\\\"高二\\\",\\\"三角函数\\\",\\\"基础知识点\\\"]\",\"mediaType\":\"MP4\",\"orderby\":4,\"pname\":\"三角函数\",\"status\":1,\"teachplanMedia\":{\"courseId\":69,\"id\":135,\"mediaFileName\":\"三角函数mp4.mp4\",\"mediaId\":\"88c4e33cb32660b779a6ca9f44b10ca2\",\"teachplanId\":69}}]', NULL, '2024-11-21 17:20:41', NULL, '202003', NULL, '201001', 360, NULL, '[\"数学\",\"零基础\",\"全知识合集\",\"校园学习\",\"集合\",\"函数\",\"立体几何\"]', NULL);
INSERT INTO `course_publish_pre` VALUES (70, 1854934298709209090, 'kimo', '高中数学基础与解法全集', '高一高二正在学习新知识点的人群和高三准高考生', '数学', NULL, '高三', '线上', '/mediafiles/2024/11/14/5926c39c333735ff75aab9e26bd8867e.jpg', '该课程涵盖了高中数学所有基础知识点以及其进阶用法和各个知识点的重难点', '{\"charge\":\"201001\",\"id\":70,\"memberPrice\":100,\"phone\":\"15768334566\",\"qq\":\"3248034755\",\"validDays\":360,\"wechat\":\"xiaohanya005\"}', '[{\"courseId\":70,\"createDate\":\"2024-11-14 00:45:11\",\"description\":\"本节课讲述了集合的基础知识点和用法以及一些经典题型的讲解\",\"id\":70,\"label\":\"[\\\"集合\\\",\\\"基础知识\\\",\\\"概念\\\",\\\"用法\\\"]\",\"mediaType\":\"MP4\",\"orderby\":1,\"pname\":\"集合的概念\",\"status\":1,\"teachplanMedia\":{\"courseId\":70,\"id\":136,\"mediaFileName\":\"集合的概念.mp4\",\"mediaId\":\"ecc2339bf40948e5f1683eba2a3e1287\",\"teachplanId\":70}},{\"courseId\":70,\"createDate\":\"2024-11-14 00:48:35\",\"description\":\"本节课介绍了子集的概念和基础知识点以及讲解了许多经典题型\",\"id\":71,\"label\":\"[\\\"子集的概念\\\",\\\"集合\\\",\\\"高一数学\\\",\\\"基础知识点\\\"]\",\"mediaType\":\"MP4\",\"orderby\":2,\"pname\":\"子集的概念\",\"status\":1,\"teachplanMedia\":{\"courseId\":70,\"id\":137,\"mediaFileName\":\"子集的概念.mp4\",\"mediaId\":\"65ae81ee4ac46da78f89145318e59ae9\",\"teachplanId\":71}},{\"courseId\":70,\"createDate\":\"2024-11-14 00:52:55\",\"description\":\"本节课讲述了交并补运算的基础知识点以及讲解交并补运算的经典题型\",\"id\":72,\"label\":\"[\\\"交并补运算\\\",\\\"高一数学\\\",\\\"基础知识点\\\",\\\"经典题型\\\"]\",\"mediaType\":\"MP4\",\"orderby\":3,\"pname\":\"交并补运算\",\"status\":1,\"teachplanMedia\":{\"courseId\":70,\"id\":138,\"mediaFileName\":\"交并补运算.mp4\",\"mediaId\":\"318fb46740994107332b92c159d4d712\",\"teachplanId\":72}},{\"courseId\":70,\"createDate\":\"2024-11-14 00:56:36\",\"description\":\"本节课讲述集合的易错大盘点并帮助同学巩固集合的知识点讲解各种经典易错题\",\"id\":73,\"label\":\"[\\\"集合\\\",\\\"易错大盘点\\\",\\\"高一数学\\\",\\\"知识点巩固\\\"]\",\"mediaType\":\"MP4\",\"orderby\":4,\"pname\":\"集合的易错大盘点\",\"status\":1,\"teachplanMedia\":{\"courseId\":70,\"id\":139,\"mediaFileName\":\"集合的易错大盘点.mp4\",\"mediaId\":\"cde17f1efe5c23a7584977d33faf29a0\",\"teachplanId\":73}},{\"courseId\":70,\"createDate\":\"2024-11-14 00:59:15\",\"description\":\"本节课讲述了逻辑里面的充分必要条件及其知识点和用法并用题目帮助同学更好理解充分必要条件\",\"id\":74,\"label\":\"[\\\"逻辑\\\",\\\"充分必要条件\\\",\\\"高一数学\\\",\\\"基础知识点\\\",\\\"题型讲解\\\"]\",\"mediaType\":\"MP4\",\"orderby\":5,\"pname\":\"充分必要条件\",\"status\":1,\"teachplanMedia\":{\"courseId\":70,\"id\":140,\"mediaFileName\":\"充分必要条件.mp4\",\"mediaId\":\"a5de7d1e1cb6b19ce5b94a651e0833ab\",\"teachplanId\":74}},{\"courseId\":70,\"createDate\":\"2024-11-14 01:02:38\",\"description\":\"本节课讲述了逻辑中的全称与存在量词及其基础知识点并讲解了一些经典题目\",\"id\":75,\"label\":\"[\\\"逻辑\\\",\\\"全称与存在量词\\\",\\\"高一数学\\\",\\\"基础知识点\\\",\\\"题型讲解\\\"]\",\"mediaType\":\"MP4\",\"orderby\":6,\"pname\":\"全称与存在量词\",\"status\":1,\"teachplanMedia\":{\"courseId\":70,\"id\":141,\"mediaFileName\":\"全称与存在量词.mp4\",\"mediaId\":\"bc2e8ba2867dc8be204bfed5d38fd210\",\"teachplanId\":75}},{\"courseId\":70,\"createDate\":\"2024-11-14 01:06:03\",\"description\":\"本节课讲述了不等式的性质和知识点和经典题型讲解帮助同学巩固不等式的性质\",\"id\":76,\"label\":\"[\\\"不等式\\\",\\\"高一数学\\\",\\\"基础知识点\\\",\\\"题型讲解\\\",\\\"不等式的性质\\\"]\",\"mediaType\":\"MP4\",\"orderby\":7,\"pname\":\"不等式的性质\",\"status\":1,\"teachplanMedia\":{\"courseId\":70,\"id\":142,\"mediaFileName\":\"不等式的性质.mp4\",\"mediaId\":\"09e26407bfc9ce82fa0097481032ee6e\",\"teachplanId\":76}},{\"courseId\":70,\"createDate\":\"2024-11-14 01:09:08\",\"description\":\"本节课讲述了不等式中的基本不等式及其知识点重难点并与大量题型讲解来帮助同学理解基本不等式\",\"id\":77,\"label\":\"[\\\"不等式\\\",\\\"基本不等式\\\",\\\"高一数学\\\",\\\"基础知识点\\\",\\\"题型讲解\\\"]\",\"mediaType\":\"MP4\",\"orderby\":8,\"pname\":\"基本不等式\",\"status\":1,\"teachplanMedia\":{\"courseId\":70,\"id\":143,\"mediaFileName\":\"基本不等式.mp4\",\"mediaId\":\"6e6bd15f37da61848a7c185628148292\",\"teachplanId\":77}},{\"courseId\":70,\"createDate\":\"2024-11-14 01:13:56\",\"description\":\"本节课讲述了基本不等式的进阶知识，让同学们更深刻了解基本不等式并用大量题型讲解帮助同学巩固基本不等式\",\"id\":78,\"label\":\"[\\\"不等式\\\",\\\"基本不等式\\\",\\\"进阶知识\\\",\\\"题型讲解\\\",\\\"高一数学\\\"]\",\"mediaType\":\"MP4\",\"orderby\":9,\"pname\":\"基本不等式(进阶篇)\",\"status\":1,\"teachplanMedia\":{\"courseId\":70,\"id\":144,\"mediaFileName\":\"基本不等式(进阶篇).mp4\",\"mediaId\":\"4b28497b5234d4e3f6443f497c73718c\",\"teachplanId\":78}},{\"courseId\":70,\"createDate\":\"2024-11-14 01:17:44\",\"description\":\"本节课讲述二次函数的概念及其基础知识点并用大量题型帮助题型认识与了解二次函数\",\"id\":79,\"label\":\"[\\\"函数\\\",\\\"二次函数\\\",\\\"高二数学\\\",\\\"基础知识点\\\",\\\"题型讲解\\\"]\",\"mediaType\":\"MP4\",\"orderby\":10,\"pname\":\"二次函数\",\"status\":1,\"teachplanMedia\":{\"courseId\":70,\"id\":145,\"mediaFileName\":\"二次函数.mp4\",\"mediaId\":\"98ad0bf3d6888c87f673afe3c30b20ea\",\"teachplanId\":79}},{\"courseId\":70,\"createDate\":\"2024-11-14 01:20:55\",\"description\":\"本节课讲述了二次函数根的分布情况概念及其知识点难易点并用更多的题目帮助题型了解二次函数根的分布情况\",\"id\":80,\"label\":\"[\\\"函数\\\",\\\"二次函数\\\",\\\"二次函数根的分布情况\\\",\\\"基础知识点\\\",\\\"题型讲解\\\"]\",\"mediaType\":\"MP4\",\"orderby\":11,\"pname\":\"二次函数根的分布情况\",\"status\":1},{\"courseId\":70,\"createDate\":\"2024-11-14 01:24:27\",\"description\":\"本节课讲述了函数的基本概念和知识点并道出函数的定义域这一概念，通过概念和题目的讲解能更好的帮助同学理解函数的概念\",\"id\":81,\"label\":\"[\\\"函数\\\",\\\"函数的概念\\\",\\\"定义域\\\",\\\"知识点\\\",\\\"题型讲解\\\"]\",\"mediaType\":\"MP4\",\"orderby\":12,\"pname\":\"函数的概念\",\"status\":1,\"teachplanMedia\":{\"courseId\":70,\"id\":146,\"mediaFileName\":\"函数的概念.mp4\",\"mediaId\":\"f04bb51a52c109c296ea4572fbe3c414\",\"teachplanId\":81}},{\"courseId\":70,\"createDate\":\"2024-11-14 01:27:21\",\"description\":\"本节课讲述了函数解析式的几种求法并用题目讲解教同学如何运用各种求法\",\"id\":82,\"label\":\"[\\\"函数\\\",\\\"函数解析式\\\",\\\"知识点概况\\\",\\\"题型讲解\\\"]\",\"mediaType\":\"MP4\",\"orderby\":13,\"pname\":\"函数解析式求法\",\"status\":1,\"teachplanMedia\":{\"courseId\":70,\"id\":147,\"mediaFileName\":\"函数解析式求法.mp4\",\"mediaId\":\"5f3cfae1a693c61600ec13755038b330\",\"teachplanId\":82}},{\"courseId\":70,\"createDate\":\"2024-11-14 01:30:00\",\"description\":\"本节课讲述了函数的值域的基础概率和知识点，并通过题目教同学们如何求函数的值域\",\"id\":83,\"label\":\"[\\\"函数\\\",\\\"值域\\\",\\\"知识点概况\\\",\\\"题型讲解\\\"]\",\"mediaType\":\"MP4\",\"orderby\":14,\"pname\":\"分式函数的值域\",\"status\":1,\"teachplanMedia\":{\"courseId\":70,\"id\":148,\"mediaFileName\":\"分式函数的值域.mp4\",\"mediaId\":\"1906ac37162b4356f9c61fc006a00e30\",\"teachplanId\":83}},{\"courseId\":70,\"createDate\":\"2024-11-14 01:33:07\",\"description\":\"本节课讲述了函数的单调性基础概念和知识点并用题目讲解来让同学们更好辨别出函数的单调性\",\"id\":84,\"label\":\"[\\\"函数\\\",\\\"单调性\\\",\\\"知识点概况\\\",\\\"题型讲解\\\"]\",\"mediaType\":\"MP4\",\"orderby\":15,\"pname\":\"函数单调性\",\"status\":1,\"teachplanMedia\":{\"courseId\":70,\"id\":149,\"mediaFileName\":\"函数单调性.mp4\",\"mediaId\":\"d57c047a0b5f312a34a8c3cf3f70e7fe\",\"teachplanId\":84}},{\"courseId\":70,\"createDate\":\"2024-11-14 01:37:24\",\"description\":\"本节课讲述了函数奇偶性的概念和知识点，通过题目来让同学门更好理解函数的奇偶性\",\"id\":85,\"label\":\"[\\\"函数\\\",\\\"奇偶性\\\",\\\"知识点概念\\\",\\\"题型讲解\\\"]\",\"mediaType\":\"MP4\",\"orderby\":16,\"pname\":\"函数奇偶性\",\"status\":1,\"teachplanMedia\":{\"courseId\":70,\"id\":150,\"mediaFileName\":\"函数的奇偶性.mp4\",\"mediaId\":\"2e836a45b6988c1ee8013e702fad2b43\",\"teachplanId\":85}},{\"courseId\":70,\"createDate\":\"2024-11-14 01:40:37\",\"description\":\"本节课讲述了幂函数的概念和知识点及有哪些常见的幂函数并通过题目让同学更好巩固幂函数知识点\",\"id\":86,\"label\":\"[\\\"函数\\\",\\\"幂函数\\\",\\\"知识点概况\\\",\\\"题型讲解\\\"]\",\"mediaType\":\"MP4\",\"orderby\":17,\"pname\":\"幂函数\",\"status\":1,\"teachplanMedia\":{\"courseId\":70,\"id\":151,\"mediaFileName\":\"幂函数.mp4\",\"mediaId\":\"5a0e61fc709941854f6d0c6d1cf88cbc\",\"teachplanId\":86}},{\"courseId\":70,\"createDate\":\"2024-11-14 01:43:22\",\"description\":\"本节课讲述了幂函数计算公式的概念和知识点及有哪些常见的幂函数公式并通过题目让同学更好巩固幂函数的计算公式\",\"id\":87,\"label\":\"[\\\"函数\\\",\\\"幂函数\\\",\\\"计算\\\",\\\"知识点概况\\\",\\\"题型讲解\\\"]\",\"mediaType\":\"MP4\",\"orderby\":18,\"pname\":\"分数指数幂的计算\",\"status\":1,\"teachplanMedia\":{\"courseId\":70,\"id\":153,\"mediaFileName\":\"分数指数幂的计算.mp4\",\"mediaId\":\"cf92fd57ff0e837ef680c04effddef3c\",\"teachplanId\":87}},{\"courseId\":70,\"createDate\":\"2024-11-14 01:48:47\",\"description\":\"本节课讲述了指数函数的概念和知识点及有哪些常见的指数函数并通过题目让同学更好巩固指数函数知识点\",\"id\":88,\"label\":\"[\\\"函数\\\",\\\"指数函数\\\",\\\"知识点概况\\\",\\\"题型讲解\\\"]\",\"mediaType\":\"MP4\",\"orderby\":19,\"pname\":\"指数函数\",\"status\":1,\"teachplanMedia\":{\"courseId\":70,\"id\":154,\"mediaFileName\":\"指数函数.mp4\",\"mediaId\":\"c6c24ae1df69f3ab28dfe3d7af205c4f\",\"teachplanId\":88}},{\"courseId\":70,\"createDate\":\"2024-11-14 01:50:43\",\"description\":\"本节课讲述了对数函数的概念和知识点及有哪些常见的对数函数并通过题目让同学更好巩固对数函数知识点\",\"id\":89,\"label\":\"[\\\"函数\\\",\\\"对数函数\\\",\\\"知识点概况\\\",\\\"题型讲解\\\"]\",\"mediaType\":\"MP4\",\"orderby\":20,\"pname\":\"对数函数\",\"status\":1},{\"courseId\":70,\"createDate\":\"2024-11-14 01:54:35\",\"description\":\"本节课讲述了三角函数的定义和知识点并用题目练习和讲解帮助同学更好的理解三角函数的定义\",\"id\":90,\"label\":\"[\\\"三角函数\\\",\\\"知识点概况\\\",\\\"题型讲解\\\"]\",\"mediaType\":\"MP4\",\"orderby\":21,\"pname\":\"三角函数的定义\",\"status\":1,\"teachplanMedia\":{\"courseId\":70,\"id\":155,\"mediaFileName\":\"三角函数的定义.mp4\",\"mediaId\":\"029adc9716dc7aecd4be6f6900007ad8\",\"teachplanId\":90}},{\"courseId\":70,\"createDate\":\"2024-11-14 01:59:04\",\"description\":\"本节课讲述了sinx的图像与性质和知识点运用图像让同学更直观看到sianx并用题目练习和讲解帮助同学更好的理解三角函数\",\"id\":91,\"label\":\"[\\\"三角函数\\\",\\\"sinx的图像\\\",\\\"知识点概况\\\",\\\"题型讲解\\\"]\",\"mediaType\":\"MP4\",\"orderby\":22,\"pname\":\"sinx的图像与性质\",\"status\":1,\"teachplanMedia\":{\"courseId\":70,\"id\":156,\"mediaFileName\":\"sinx的图像与性质.mp4\",\"mediaId\":\"6c61d3aa1e0ec271a4ae8593f932f2b2\",\"teachplanId\":91}},{\"courseId\":70,\"createDate\":\"2024-11-14 02:01:35\",\"description\":\"本节课讲述了cosx的图像与性质和知识点运用图像让同学更直观看到cosx并用题目练习和讲解帮助同学更好的理解三角函数\",\"id\":92,\"label\":\"[\\\"三角函数\\\",\\\"cosx\\\",\\\"知识点概况\\\",\\\"题型讲解\\\"]\",\"mediaType\":\"MP4\",\"orderby\":23,\"pname\":\"cosx的图像与性质\",\"status\":1,\"teachplanMedia\":{\"courseId\":70,\"id\":157,\"mediaFileName\":\"cosx的图像与性质.mp4\",\"mediaId\":\"bf83bd957e8c9c309b8b457646d32787\",\"teachplanId\":92}},{\"courseId\":70,\"createDate\":\"2024-11-14 02:04:25\",\"description\":\"本节课讲述了tanx的图像与性质和知识点运用图像让同学更直观看到tanx并用题目练习和讲解帮助同学更好的理解三角函数\",\"id\":93,\"label\":\"[\\\"三角函数\\\",\\\"tanx\\\",\\\"知识点概况\\\",\\\"题型讲解\\\"]\",\"mediaType\":\"MP4\",\"orderby\":24,\"pname\":\"tanx的图像与性质\",\"status\":1,\"teachplanMedia\":{\"courseId\":70,\"id\":158,\"mediaFileName\":\"tanx的图像与性质.mp4\",\"mediaId\":\"c9301fce26d078ba28f43525022e5d86\",\"teachplanId\":93}},{\"courseId\":70,\"createDate\":\"2024-11-14 02:07:38\",\"description\":\"本节课讲述了平面向量的基本概念和知识点并用题目练习和讲解帮助同学更好的理解平面向量的基本概念\",\"id\":94,\"label\":\"[\\\"平面向量\\\",\\\"知识点概况\\\",\\\"题型讲解\\\"]\",\"mediaType\":\"MP4\",\"orderby\":25,\"pname\":\"平面向量的基本概念\",\"status\":1,\"teachplanMedia\":{\"courseId\":70,\"id\":159,\"mediaFileName\":\"平面向量的基本概念.mp4\",\"mediaId\":\"1105cccf91a74b8fce16df91ddf1254a\",\"teachplanId\":94}},{\"courseId\":70,\"createDate\":\"2024-11-14 02:10:28\",\"description\":\"本节课讲述了向量的加减法运算法则和知识点到并用题目练习和讲解帮助同学更好的理解和记忆向量的加减法运算法则\",\"id\":95,\"label\":\"[\\\"平面向量\\\",\\\"计算\\\",\\\"知识点概况\\\",\\\"题型讲解\\\"]\",\"mediaType\":\"MP4\",\"orderby\":26,\"pname\":\"向量的加减法运算法则\",\"status\":1,\"teachplanMedia\":{\"courseId\":70,\"id\":160,\"mediaFileName\":\"向量的加减法运算法则.mp4\",\"mediaId\":\"2695819d131ef50c7fd08b90a5f1b276\",\"teachplanId\":95}},{\"courseId\":70,\"createDate\":\"2024-11-14 02:14:14\",\"description\":\"本节课讲述了向量的数量积与投影和知识点并用题目练习和讲解帮助同学更好的理解向量的数量积与投影\",\"id\":96,\"label\":\"[\\\"平面向量\\\",\\\"数量积\\\",\\\"投影\\\",\\\"知识点概况\\\",\\\"题型讲解\\\"]\",\"mediaType\":\"MP4\",\"orderby\":27,\"pname\":\"向量的数量积与投影\",\"status\":1,\"teachplanMedia\":{\"courseId\":70,\"id\":161,\"mediaFileName\":\"向量的数量积与投影.mp4\",\"mediaId\":\"53f2a77b736c88b76286febe5bc3291f\",\"teachplanId\":96}},{\"courseId\":70,\"createDate\":\"2024-11-14 02:17:36\",\"description\":\"本节课讲述了正弦定理的概念和知识点并用题目练习和讲解帮助同学更好的理解正弦定理\",\"id\":97,\"label\":\"[\\\"三角函数\\\",\\\"解三角形\\\",\\\"正弦定理\\\",\\\"知识点概况\\\",\\\"题型讲解\\\"]\",\"mediaType\":\"MP4\",\"orderby\":28,\"pname\":\"正弦定理\",\"status\":1,\"teachplanMedia\":{\"courseId\":70,\"id\":162,\"mediaFileName\":\"正弦定理.mp4\",\"mediaId\":\"6fd2fc281b4f23f2365cf5e4b14e669e\",\"teachplanId\":97}},{\"courseId\":70,\"createDate\":\"2024-11-14 02:19:39\",\"description\":\"本节课讲述了余弦定理的概念和知识点并用题目练习和讲解帮助同学更好的理解余弦定理\",\"id\":98,\"label\":\"[\\\"三角函数\\\",\\\"解三角形\\\",\\\"余弦定理\\\",\\\"知识点概况\\\",\\\"题型讲解\\\"]\",\"mediaType\":\"MP4\",\"orderby\":29,\"pname\":\"余弦定理\",\"status\":1},{\"courseId\":70,\"createDate\":\"2024-11-14 02:22:51\",\"description\":\"本节课讲述了正余弦定理使用策略和知识点并用题目练习和讲解告诉同学正余弦定理使用策略\",\"id\":99,\"label\":\"[\\\"三角函数\\\",\\\"解三角形\\\",\\\"正弦定理\\\",\\\"余弦定理\\\",\\\"知识点概况\\\",\\\"题型讲解\\\"]\",\"mediaType\":\"MP4\",\"orderby\":30,\"pname\":\"正余弦定理使用策略\",\"status\":1,\"teachplanMedia\":{\"courseId\":70,\"id\":163,\"mediaFileName\":\"正余弦定理使用策略.mp4\",\"mediaId\":\"22d49fe7e380a0530839ee51b9ef890f\",\"teachplanId\":99}},{\"courseId\":70,\"createDate\":\"2024-11-14 02:25:13\",\"description\":\"本节课讲述了三角变换法的概念和知识点并用题目练习和讲解帮助同学更好的理解三角变换法\",\"id\":100,\"label\":\"[\\\"三角函数\\\",\\\"解三角形\\\",\\\"三角变换法\\\",\\\"知识点概况\\\",\\\"题型讲解\\\"]\",\"mediaType\":\"MP4\",\"orderby\":31,\"pname\":\"三角变换法\",\"status\":1,\"teachplanMedia\":{\"courseId\":70,\"id\":164,\"mediaFileName\":\"三角变换法.mp4\",\"mediaId\":\"fc5ee8a0bfbf91de9a412b114462310d\",\"teachplanId\":100}},{\"courseId\":70,\"createDate\":\"2024-11-14 02:27:58\",\"description\":\"本节课讲述了数列的概念与表示方法和知识点并用题目练习和讲解帮助同学更好的理解数列的概念\",\"id\":101,\"label\":\"[\\\"数列\\\",\\\"基础知识\\\",\\\"知识点概况\\\",\\\"题型讲解\\\"]\",\"mediaType\":\"MP4\",\"orderby\":32,\"pname\":\"数列的概念与表示方法\",\"status\":1,\"teachplanMedia\":{\"courseId\":70,\"id\":165,\"mediaFileName\":\"数列的概念与表示方法.mp4\",\"mediaId\":\"85a5e58b982eeb79ad3f7c5db5261f5b\",\"teachplanId\":101}},{\"courseId\":70,\"createDate\":\"2024-11-14 02:31:03\",\"description\":\"本节课讲述了等差数列的概念和知识点并用题目练习和讲解帮助同学更好的理解等差数列的概念\",\"id\":102,\"label\":\"[\\\"数列\\\",\\\"等差数列\\\",\\\"知识点概况\\\",\\\"题型讲解\\\"]\",\"mediaType\":\"MP4\",\"orderby\":33,\"pname\":\"等差数列的概念\",\"status\":1},{\"courseId\":70,\"createDate\":\"2024-11-14 02:33:48\",\"description\":\"本节课讲述了等差数列的前n项和概念求法和知识点并用题目练习和讲解帮助同学更好的理解等差数列的前n项和的求法\",\"id\":103,\"label\":\"[\\\"数列\\\",\\\"等差数列\\\",\\\"计算\\\",\\\"知识点概况\\\",\\\"题型讲解\\\"]\",\"mediaType\":\"MP4\",\"orderby\":34,\"pname\":\"等差数列的前n项和\",\"status\":1,\"teachplanMedia\":{\"courseId\":70,\"id\":166,\"mediaFileName\":\"等差数列的前n项和.mp4\",\"mediaId\":\"b57c3585489ee2fa0419c12ae786f9c0\",\"teachplanId\":103}},{\"courseId\":70,\"createDate\":\"2024-11-14 02:36:09\",\"description\":\"本节课讲述了等比数列的概念和知识点并用题目练习和讲解帮助同学更好的理解等比数列的\",\"id\":104,\"label\":\"[\\\"数列\\\",\\\"等比数列\\\",\\\"知识点概况\\\",\\\"题型讲解\\\"]\",\"mediaType\":\"MP4\",\"orderby\":35,\"pname\":\"等比数列的概念\",\"status\":1,\"teachplanMedia\":{\"courseId\":70,\"id\":167,\"mediaFileName\":\"等比数列的概念.mp4\",\"mediaId\":\"0c050e09c391bc873cec5f7f5eb065fc\",\"teachplanId\":104}},{\"courseId\":70,\"createDate\":\"2024-11-14 02:39:13\",\"description\":\"本节课讲述了等比数列的前n项和求法和知识点运并用题目练习和讲解帮助同学更好的理解等比数列的前n项和求法\",\"id\":105,\"label\":\"[\\\"数列\\\",\\\"等比数列\\\",\\\"计算\\\",\\\"知识点概况\\\",\\\"题型讲解\\\"]\",\"mediaType\":\"MP4\",\"orderby\":36,\"pname\":\"等比数列的前n项和\",\"status\":1,\"teachplanMedia\":{\"courseId\":70,\"id\":168,\"mediaFileName\":\"等比数列的前n项和.mp4\",\"mediaId\":\"18b2ffec10fa8f31212e133724e032ed\",\"teachplanId\":105}},{\"courseId\":70,\"createDate\":\"2024-11-14 02:42:36\",\"description\":\"本节课讲述了待定系数与换元法求解通公式和知识点并用题目练习和讲解帮助同学更好的理解和记忆待定系数与换元法求解通公式\",\"id\":106,\"label\":\"[\\\"数列\\\",\\\"待定系数法\\\",\\\"换元法\\\",\\\"计算\\\",\\\"知识点概况\\\",\\\"题型讲解\\\"]\",\"mediaType\":\"MP4\",\"orderby\":37,\"pname\":\"待定系数与换元法求解通公式\",\"status\":1,\"teachplanMedia\":{\"courseId\":70,\"id\":169,\"mediaFileName\":\"待定系数与换元法求解通公式.mp4\",\"mediaId\":\"f351628dd38584744c6d14184c8e9578\",\"teachplanId\":106}},{\"courseId\":70,\"createDate\":\"2024-11-14 02:45:49\",\"description\":\"本节课讲述了错位相减法求数列的求和方法和知识点并用题目练习和讲解帮助同学更好的理解和记忆用错位相减法求数列的和\",\"id\":107,\"label\":\"[\\\"数列\\\",\\\"错位相减法\\\",\\\"计算\\\",\\\"知识点概况\\\",\\\"题型讲解\\\"]\",\"mediaType\":\"MP4\",\"orderby\":38,\"pname\":\"错位相减法求数列的和\",\"status\":1,\"teachplanMedia\":{\"courseId\":70,\"id\":170,\"mediaFileName\":\"错位相减法求数列的和.mp4\",\"mediaId\":\"3bb73b82558b4a43d30911f0816504a1\",\"teachplanId\":107}},{\"courseId\":70,\"createDate\":\"2024-11-14 02:48:23\",\"description\":\"本节课讲述了裂项相消法求数列的和方法和知识点并用题目练习和讲解帮助同学更好的理解和记忆用裂项相消法求数列的和的方法\",\"id\":108,\"label\":\"[\\\"数列\\\",\\\"裂项相消法\\\",\\\"计算\\\",\\\"知识点概况\\\",\\\"题型讲解\\\"]\",\"mediaType\":\"MP4\",\"orderby\":39,\"pname\":\"裂项相消法求数列的和\",\"status\":1},{\"courseId\":70,\"createDate\":\"2024-11-14 02:51:34\",\"description\":\"本节课讲述了倒序相加与分组求和方法和知识点并用题目练习和讲解帮助同学更好的理解和记忆运用倒序相加与分组求和的方法\",\"id\":109,\"label\":\"[\\\"数列\\\",\\\"倒序相加法\\\",\\\"分组求和\\\",\\\"计算\\\",\\\"知识点概况\\\",\\\"题型讲解\\\"]\",\"mediaType\":\"MP4\",\"orderby\":40,\"pname\":\"倒序相加与分组求和\",\"status\":1,\"teachplanMedia\":{\"courseId\":70,\"id\":171,\"mediaFileName\":\"倒序相加与分组求和.mp4\",\"mediaId\":\"6b6ee771fdb1c4b8db1e702b865a8658\",\"teachplanId\":109}},{\"courseId\":70,\"createDate\":\"2024-11-14 02:56:14\",\"description\":\"本节课讲述了复数的概念和知识点并用题目练习和讲解帮助同学更好的理解复数\",\"id\":110,\"label\":\"[\\\"复数\\\",\\\"知识点概况\\\",\\\"题型讲解\\\"]\",\"mediaType\":\"MP4\",\"orderby\":41,\"pname\":\"复数的概念\",\"status\":1,\"teachplanMedia\":{\"courseId\":70,\"id\":172,\"mediaFileName\":\"复数的概念.mp4\",\"mediaId\":\"eb2a65f8ad50a35d0696185a95116355\",\"teachplanId\":110}},{\"courseId\":70,\"createDate\":\"2024-11-14 02:59:31\",\"description\":\"本节课讲述了复数的四则运算概念和知识点并用题目练习和讲解帮助同学更好的理解和运用复数的四则运算\",\"id\":111,\"label\":\"[\\\"复数\\\",\\\"计算\\\",\\\"知识点概况\\\",\\\"题型讲解\\\"]\",\"mediaType\":\"MP4\",\"orderby\":42,\"pname\":\"复数的四则运算\",\"status\":1,\"teachplanMedia\":{\"courseId\":70,\"id\":173,\"mediaFileName\":\"复数的四则运算.mp4\",\"mediaId\":\"b602351bb404b1911322943a70ac9142\",\"teachplanId\":111}},{\"courseId\":70,\"createDate\":\"2024-11-14 03:03:27\",\"description\":\"本节课讲述了几种基本立体图形和知识点并用题目练习和讲解帮助同学更好的辨别各种基本立体图形\",\"id\":112,\"label\":\"[\\\"立体几何\\\",\\\"基本立体图形\\\",\\\"知识点概况\\\",\\\"题型讲解\\\"]\",\"mediaType\":\"MP4\",\"orderby\":43,\"pname\":\"基本立体图形\",\"status\":1,\"teachplanMedia\":{\"courseId\":70,\"id\":174,\"mediaFileName\":\"基本立体图形.mp4\",\"mediaId\":\"2709d85bf479029a4441d87fb9604eb4\",\"teachplanId\":112}},{\"courseId\":70,\"createDate\":\"2024-11-14 03:10:37\",\"description\":\"本节课讲述了简单几何体的表面积与体积运算公式和知识点并用题目练习和讲解帮助同学更好的理解和记忆简单几何体的表面积与体积运算公式\",\"id\":113,\"label\":\"[\\\"立体几何\\\",\\\"表面积\\\",\\\"体积\\\",\\\"知识点概况\\\",\\\"题型讲解\\\"]\",\"mediaType\":\"MP4\",\"orderby\":44,\"pname\":\"简单几何体的表面积与体积\",\"status\":1,\"teachplanMedia\":{\"courseId\":70,\"id\":175,\"mediaFileName\":\"简单几何体的表面积与体积.mp4\",\"mediaId\":\"4b54fd523a18097cd79bc254f87cf782\",\"teachplanId\":113}},{\"courseId\":70,\"createDate\":\"2024-11-14 03:17:27\",\"description\":\"本节课讲述了空间中直线与直线的位置关系和知识点运用图像让同学更直观看到空间中直线与直线的位置关系并用题目练习和讲解帮助同学更好的理解空间中直线与直线的位置关系\",\"id\":114,\"label\":\"[\\\"立体几何\\\",\\\"直线\\\",\\\"知识点概况\\\",\\\"题型讲解\\\"]\",\"mediaType\":\"MP4\",\"orderby\":45,\"pname\":\"空间中直线与直线的位置关系\",\"status\":1,\"teachplanMedia\":{\"courseId\":70,\"id\":176,\"mediaFileName\":\"空间中直线与直线的位置关系.mp4\",\"mediaId\":\"9661bfeb1d93c3cc3df9acad332436a4\",\"teachplanId\":114}},{\"courseId\":70,\"createDate\":\"2024-11-14 03:19:58\",\"description\":\"本节课讲述了随机抽样的概念和知识点并用题目练习和讲解帮助同学更好的理解随机抽样\",\"id\":115,\"label\":\"[\\\"统计与概率\\\",\\\"随机抽样\\\",\\\"知识点概况\\\",\\\"题型讲解\\\"]\",\"mediaType\":\"MP4\",\"orderby\":46,\"pname\":\"随机抽样\",\"status\":1,\"teachplanMedia\":{\"courseId\":70,\"id\":177,\"mediaFileName\":\"随机抽样.mp4\",\"mediaId\":\"b3bef413e66041291e767266a7e37d92\",\"teachplanId\":115}},{\"courseId\":70,\"createDate\":\"2024-11-14 03:22:02\",\"description\":\"本节课讲述了古典概型的概念和知识点并用题目练习和讲解帮助同学更好的理解古典概型\",\"id\":116,\"label\":\"[\\\"统计与概率\\\",\\\"古典概型\\\",\\\"知识点概况\\\",\\\"题型讲解\\\"]\",\"mediaType\":\"MP4\",\"orderby\":47,\"pname\":\"古典概型\",\"status\":1},{\"courseId\":70,\"createDate\":\"2024-11-14 03:25:30\",\"description\":\"本节课讲述了事件的相互独立和知识点并用题目练习和讲解帮助同学更好的理解事件的相互独立\",\"id\":117,\"label\":\"[\\\"统计与概率\\\",\\\"事件的相互独立\\\",\\\"知识点概况\\\",\\\"题型讲解\\\"]\",\"mediaType\":\"MP4\",\"orderby\":48,\"pname\":\"事件的相互独立\",\"status\":1,\"teachplanMedia\":{\"courseId\":70,\"id\":178,\"mediaFileName\":\"事件的相互独立.mp4\",\"mediaId\":\"d871bdc0e4ed6f3d27478d75250d3077\",\"teachplanId\":117}},{\"courseId\":70,\"createDate\":\"2024-11-14 03:29:21\",\"description\":\"本节课讲述了空间向量及其运算和知识点运用图像让同学更直观看到空间向量并用题目练习和讲解帮助同学更好的理解空间向量及其运算\",\"id\":118,\"label\":\"[\\\"立体几何\\\",\\\"空间向量\\\",\\\"计算\\\",\\\"知识点概况\\\",\\\"题型讲解\\\"]\",\"mediaType\":\"MP4\",\"orderby\":49,\"pname\":\"空间向量及其运算\",\"status\":1,\"teachplanMedia\":{\"courseId\":70,\"id\":179,\"mediaFileName\":\"空间向量及其运算.mp4\",\"mediaId\":\"bb5d98daf9f4824e7bdd1b44ee13cb46\",\"teachplanId\":118}},{\"courseId\":70,\"createDate\":\"2024-11-14 03:33:44\",\"description\":\"本节课讲述了s建系与坐标运算和知识点运用图像让同学更直观看到立体几何建立空间直角坐标系并用题目练习和讲解帮助同学更好的理解立体几何建立空间直角坐标系和坐标的运算\",\"id\":119,\"label\":\"[\\\"立体几何\\\",\\\"建系与坐标运算\\\",\\\"计算\\\",\\\"知识点概况\\\",\\\"题型讲解\\\"]\",\"mediaType\":\"MP4\",\"orderby\":50,\"pname\":\"建系与坐标运算\",\"status\":1,\"teachplanMedia\":{\"courseId\":70,\"id\":180,\"mediaFileName\":\"建系与坐标运算.mp4\",\"mediaId\":\"20a161288e663d9823e19685f53cf58c\",\"teachplanId\":119}},{\"courseId\":70,\"createDate\":\"2024-11-14 03:37:23\",\"description\":\"本节课讲述了立体几何证明平行垂直和知识点运用图像让同学更直观看到立体几何直接线与线的关系并用题目练习和讲解帮助同学更好的理解立体几何证明平行垂直\",\"id\":120,\"label\":\"[\\\"立体几何\\\",\\\"证明平行垂直\\\",\\\"知识点概况\\\",\\\"题型讲解\\\"]\",\"mediaType\":\"MP4\",\"orderby\":51,\"pname\":\"证明平行垂直\",\"status\":1,\"teachplanMedia\":{\"courseId\":70,\"id\":181,\"mediaFileName\":\"证明平行垂直.mp4\",\"mediaId\":\"b7360b77a138e07096e3c7c4bfa88375\",\"teachplanId\":120}},{\"courseId\":70,\"createDate\":\"2024-11-14 03:43:45\",\"description\":\"本节课讲述了交点坐标与距离公式和知识点并用题目练习和讲解帮助同学更好的理解交点坐标与距离公式\",\"id\":121,\"label\":\"[\\\"直线与圆\\\",\\\"计算\\\",\\\"知识点概况\\\",\\\"题型讲解\\\"]\",\"mediaType\":\"MP4\",\"orderby\":52,\"pname\":\"交点坐标与距离公式\",\"status\":1,\"teachplanMedia\":{\"courseId\":70,\"id\":182,\"mediaFileName\":\"交点坐标与距离公式.mp4\",\"mediaId\":\"e3a961d36c6ef2ba47476e48c24551c8\",\"teachplanId\":121}},{\"courseId\":70,\"createDate\":\"2024-11-14 03:48:04\",\"description\":\"本节课讲述了直线与圆位置关系和知识点并用题目练习和讲解帮助同学更好的理解和计算直线与圆位置关系\",\"id\":122,\"label\":\"[\\\"直线与圆\\\",\\\"计算\\\",\\\"知识点概况\\\",\\\"题型讲解\\\"]\",\"mediaType\":\"MP4\",\"orderby\":53,\"pname\":\"直线与圆位置关系\",\"status\":1,\"teachplanMedia\":{\"courseId\":70,\"id\":183,\"mediaFileName\":\"直线与圆位置关系.mp4\",\"mediaId\":\"cfa708985da761d6261edf90710cc4f2\",\"teachplanId\":122}},{\"courseId\":70,\"createDate\":\"2024-11-14 03:54:47\",\"description\":\"本节课讲述了圆与圆的位置关系和知识点运用图像让同学更直观看到圆与圆的位置关系并用题目练习和讲解帮助同学更好的理解和计算圆与圆的位置关系\",\"id\":123,\"label\":\"[\\\"直线与圆\\\",\\\"圆与圆的位置关系\\\",\\\"知识点概况\\\",\\\"题型讲解\\\"]\",\"mediaType\":\"MP4\",\"orderby\":54,\"pname\":\"圆与圆的位置关系\",\"status\":1,\"teachplanMedia\":{\"courseId\":70,\"id\":184,\"mediaFileName\":\"圆与圆的位置关系.mp4\",\"mediaId\":\"7eca683b1cbd1409ce14b7f14291282f\",\"teachplanId\":123}},{\"courseId\":70,\"createDate\":\"2024-11-14 03:57:33\",\"description\":\"本节课讲述了椭圆的定义和知识点并用题目练习和讲解帮助同学更好的理解椭圆的定义\",\"id\":124,\"label\":\"[\\\"圆锥曲线\\\",\\\"椭圆\\\",\\\"知识点概况\\\",\\\"题型讲解\\\"]\",\"mediaType\":\"MP4\",\"orderby\":55,\"pname\":\"椭圆的定义\",\"status\":1,\"teachplanMedia\":{\"courseId\":70,\"id\":185,\"mediaFileName\":\"椭圆的定义.mp4\",\"mediaId\":\"dc0d974a2062c02a6df84c0a7b8ecb97\",\"teachplanId\":124}},{\"courseId\":70,\"createDate\":\"2024-11-14 03:59:59\",\"description\":\"本节课讲述了双曲线的定义和知识点并用题目练习和讲解帮助同学更好的理解双曲线的定义\",\"id\":125,\"label\":\"[\\\"圆锥曲线\\\",\\\"双曲线的定义\\\",\\\"知识点概况\\\",\\\"题型讲解\\\"]\",\"mediaType\":\"MP4\",\"orderby\":56,\"pname\":\"双曲线的定义\",\"status\":1,\"teachplanMedia\":{\"courseId\":70,\"id\":186,\"mediaFileName\":\"双曲线的定义.mp4\",\"mediaId\":\"1d3d5441afee949022dd1c6996158e4e\",\"teachplanId\":125}},{\"courseId\":70,\"createDate\":\"2024-11-14 04:02:24\",\"description\":\"本节课讲述了抛物线的定义和知识点并用题目练习和讲解帮助同学更好的理解抛物线的定义\",\"id\":126,\"label\":\"[\\\"圆锥曲线\\\",\\\"抛物线的定义\\\",\\\"知识点概况\\\",\\\"题型讲解\\\"]\",\"mediaType\":\"MP4\",\"orderby\":57,\"pname\":\"抛物线的定义\",\"status\":1,\"teachplanMedia\":{\"courseId\":70,\"id\":187,\"mediaFileName\":\"抛物线的定义.mp4\",\"mediaId\":\"2229dd92a1a183e40aa056670eea30e8\",\"teachplanId\":126}}]', NULL, '2024-11-21 17:29:54', NULL, '202003', NULL, '201001', 360, NULL, '[\"高中数学\",\"高考知识点\",\"数学基础\",\"校园学习\"]', NULL);
INSERT INTO `course_publish_pre` VALUES (77, 1854934298709209090, 'kimo', '前端test10086', '无', '物理', NULL, '高三', '线上', '/mediafiles/2024/11/25/9ae93a5eeeda43b0207d88d1db815aef.png', '无', '{\"charge\":\"201000\",\"id\":77,\"memberPrice\":0,\"phone\":\"15768334566\",\"qq\":\"3248034755\",\"validDays\":360,\"wechat\":\"xiaohanya005\"}', '[{\"courseId\":77,\"createDate\":\"2024-11-25 15:40:05\",\"description\":\"无\",\"id\":148,\"label\":\"[\\\"无\\\"]\",\"mediaType\":\"AVI\",\"orderby\":1,\"pname\":\"测试\",\"status\":1}]', NULL, '2024-11-25 15:40:08', NULL, '202003', NULL, '201000', 360, NULL, '[\"无\"]', 77);
INSERT INTO `course_publish_pre` VALUES (81, 1854934298709209090, 'kimo', '前端test10086', '1', '物理', NULL, '高三', '线下', '/mediafiles/2024/11/25/d3adcf0a9ca488adf5edd714490fb474.png', '1', '{\"charge\":\"201001\",\"id\":81,\"memberPrice\":99,\"phone\":\"15768334566\",\"qq\":\"3248034755\",\"validDays\":360,\"wechat\":\"xiaohanya005\"}', '[{\"courseId\":81,\"createDate\":\"2024-11-25 17:58:16\",\"description\":\"1\",\"id\":154,\"label\":\"[\\\"1\\\"]\",\"mediaType\":\"MP4\",\"orderby\":1,\"pname\":\"1\",\"status\":1,\"teachplanMedia\":{\"courseId\":81,\"id\":212,\"mediaFileName\":\"集合.mp4\",\"mediaId\":\"0134b3262914f6b383ba7ca27791e3bf\",\"teachplanId\":154}}]', NULL, '2024-11-25 17:59:02', NULL, '202004', NULL, '201001', 360, NULL, '[\"无\"]', 81);

-- ----------------------------
-- Table structure for mq_message
-- ----------------------------
DROP TABLE IF EXISTS `mq_message`;
CREATE TABLE `mq_message`  (
  `id` bigint NOT NULL AUTO_INCREMENT COMMENT '消息id',
  `message_type` varchar(32) CHARACTER SET utf8 COLLATE utf8_general_ci NOT NULL COMMENT '消息类型代码: course_publish ,  media_test',
  `business_key1` varchar(64) CHARACTER SET utf8 COLLATE utf8_general_ci NULL DEFAULT NULL COMMENT '关联业务信息',
  `business_key2` varchar(255) CHARACTER SET utf8 COLLATE utf8_general_ci NULL DEFAULT NULL COMMENT '关联业务信息',
  `business_key3` varchar(512) CHARACTER SET utf8 COLLATE utf8_general_ci NULL DEFAULT NULL COMMENT '关联业务信息',
  `execute_num` int UNSIGNED NULL DEFAULT 0 COMMENT '通知次数',
  `state` char(1) CHARACTER SET utf8 COLLATE utf8_general_ci NOT NULL DEFAULT '0' COMMENT '处理状态，0:初始，1:成功',
  `returnfailure_date` datetime NULL DEFAULT NULL COMMENT '回复失败时间',
  `returnsuccess_date` datetime NULL DEFAULT NULL COMMENT '回复成功时间',
  `returnfailure_msg` varchar(2048) CHARACTER SET utf8 COLLATE utf8_general_ci NULL DEFAULT NULL COMMENT '回复失败内容',
  `execute_date` datetime NULL DEFAULT NULL COMMENT '最近通知时间',
  `stage_state1` char(1) CHARACTER SET utf8 COLLATE utf8_general_ci NOT NULL DEFAULT '0' COMMENT '阶段1处理状态, 0:初始，1:成功',
  `stage_state2` char(1) CHARACTER SET utf8 COLLATE utf8_general_ci NOT NULL DEFAULT '0' COMMENT '阶段2处理状态, 0:初始，1:成功',
  `stage_state3` char(1) CHARACTER SET utf8 COLLATE utf8_general_ci NOT NULL DEFAULT '0' COMMENT '阶段3处理状态, 0:初始，1:成功',
  `stage_state4` char(1) CHARACTER SET utf8 COLLATE utf8_general_ci NOT NULL DEFAULT '0' COMMENT '阶段4处理状态, 0:初始，1:成功',
  PRIMARY KEY (`id`) USING BTREE
) ENGINE = InnoDB CHARACTER SET = utf8 COLLATE = utf8_general_ci ROW_FORMAT = DYNAMIC;

-- ----------------------------
-- Records of mq_message
-- ----------------------------

-- ----------------------------
-- Table structure for mq_message_history
-- ----------------------------
DROP TABLE IF EXISTS `mq_message_history`;
CREATE TABLE `mq_message_history`  (
  `id` bigint NOT NULL COMMENT '消息id',
  `message_type` varchar(32) CHARACTER SET utf8 COLLATE utf8_general_ci NOT NULL COMMENT '消息类型代码',
  `business_key1` varchar(64) CHARACTER SET utf8 COLLATE utf8_general_ci NULL DEFAULT NULL COMMENT '关联业务信息',
  `business_key2` varchar(255) CHARACTER SET utf8 COLLATE utf8_general_ci NULL DEFAULT NULL COMMENT '关联业务信息',
  `business_key3` varchar(512) CHARACTER SET utf8 COLLATE utf8_general_ci NULL DEFAULT NULL COMMENT '关联业务信息',
  `execute_num` int UNSIGNED NULL DEFAULT NULL COMMENT '通知次数',
  `state` int(10) UNSIGNED ZEROFILL NULL DEFAULT NULL COMMENT '处理状态，0:初始，1:成功，2:失败',
  `returnfailure_date` datetime NULL DEFAULT NULL COMMENT '回复失败时间',
  `returnsuccess_date` datetime NULL DEFAULT NULL COMMENT '回复成功时间',
  `returnfailure_msg` varchar(255) CHARACTER SET utf8 COLLATE utf8_general_ci NULL DEFAULT NULL COMMENT '回复失败内容',
  `execute_date` datetime NULL DEFAULT NULL COMMENT '最近通知时间',
  `stage_state1` char(1) CHARACTER SET utf8 COLLATE utf8_general_ci NULL DEFAULT NULL,
  `stage_state2` char(1) CHARACTER SET utf8 COLLATE utf8_general_ci NULL DEFAULT NULL,
  `stage_state3` char(1) CHARACTER SET utf8 COLLATE utf8_general_ci NULL DEFAULT NULL,
  `stage_state4` char(1) CHARACTER SET utf8 COLLATE utf8_general_ci NULL DEFAULT NULL,
  PRIMARY KEY (`id`) USING BTREE
) ENGINE = InnoDB CHARACTER SET = utf8 COLLATE = utf8_general_ci ROW_FORMAT = DYNAMIC;

-- ----------------------------
-- Records of mq_message_history
-- ----------------------------

-- ----------------------------
-- Table structure for teachplan
-- ----------------------------
DROP TABLE IF EXISTS `teachplan`;
CREATE TABLE `teachplan`  (
  `id` bigint NOT NULL AUTO_INCREMENT,
  `pname` varchar(64) CHARACTER SET utf8 COLLATE utf8_general_ci NOT NULL COMMENT '课程计划名称',
  `grade` smallint NULL DEFAULT NULL COMMENT '目前没有层级',
  `media_type` varchar(10) CHARACTER SET utf8 COLLATE utf8_general_ci NULL DEFAULT NULL COMMENT '课程类型:1视频、2文档',
  `start_time` datetime NULL DEFAULT NULL COMMENT '开始直播时间',
  `end_time` datetime NULL DEFAULT NULL COMMENT '直播结束时间',
  `description` varchar(500) CHARACTER SET utf8 COLLATE utf8_general_ci NULL DEFAULT NULL COMMENT '章节及课程时介绍',
  `timelength` varchar(30) CHARACTER SET utf8 COLLATE utf8_general_ci NULL DEFAULT NULL COMMENT '时长，单位时:分:秒 学习的时间',
  `orderby` int NULL DEFAULT 0 COMMENT '排序字段',
  `course_id` bigint NOT NULL COMMENT '课程标识',
  `course_pub_id` bigint NULL DEFAULT NULL COMMENT '课程发布标识',
  `status` int NOT NULL DEFAULT 1 COMMENT '状态（1正常  0删除）',
  `is_preview` char(1) CHARACTER SET utf8 COLLATE utf8_general_ci NULL DEFAULT '0' COMMENT '是否支持试学或预览（试看）',
  `create_date` datetime NULL DEFAULT NULL COMMENT '创建时间',
  `change_date` datetime NULL DEFAULT NULL COMMENT '修改时间',
  `practice_id` bigint NULL DEFAULT NULL COMMENT '练习记录id',
  `label` varchar(255) CHARACTER SET utf8 COLLATE utf8_general_ci NULL DEFAULT NULL COMMENT '标签',
  `total_time` varchar(30) CHARACTER SET utf8 COLLATE utf8_general_ci NULL DEFAULT NULL COMMENT '绑定视频的总时间',
  PRIMARY KEY (`id`) USING BTREE
) ENGINE = InnoDB AUTO_INCREMENT = 176 CHARACTER SET = utf8 COLLATE = utf8_general_ci COMMENT = '视频合集' ROW_FORMAT = DYNAMIC;

-- ----------------------------
-- Records of teachplan
-- ----------------------------
INSERT INTO `teachplan` VALUES (42, '基本句子结构', NULL, 'MP4', NULL, NULL, '从零开始了解英语的基本句子结构', NULL, 1, 61, NULL, 1, '0', '2024-11-08 22:24:02', NULL, NULL, '[\"主语 \",\"谓语 \",\"宾语 \",\"表语\",\"状语\"]', '');
INSERT INTO `teachplan` VALUES (43, '名词短语、形容词短语、副词短语', NULL, 'MP4', NULL, NULL, '讲解一些英语的基础语法知识', NULL, 2, 61, NULL, 1, '0', '2024-11-08 22:55:10', NULL, NULL, '[\"基础语法知识\"]', '');
INSERT INTO `teachplan` VALUES (44, '从简单句到复合句', NULL, 'MP4', NULL, NULL, '手把手带你分析句子成分，轻松进阶复合句！', NULL, 3, 61, NULL, 1, '0', '2024-11-08 23:02:39', NULL, NULL, '[\"简单语法\",\"简单复合句\"]', '');
INSERT INTO `teachplan` VALUES (45, '及物动词', NULL, 'MP4', NULL, NULL, '英语难解之谜，用思维搞定！', NULL, 4, 61, NULL, 1, '0', '2024-11-08 23:05:52', NULL, NULL, '[\"简单语法\",\"及物动词\"]', '');
INSERT INTO `teachplan` VALUES (47, '定语从句（上）', NULL, 'MP4', NULL, NULL, '用翻译的方式学定语从句，是什么样子？', NULL, 5, 61, NULL, 1, '0', '2024-11-09 00:04:50', NULL, NULL, '[\"定语从句\"]', '');
INSERT INTO `teachplan` VALUES (48, '定语从句（下）', NULL, 'MP4', NULL, NULL, '分隔式定从？关系词省略？特殊先行词？一站式解决！', NULL, 6, 61, NULL, 1, '0', '2024-11-09 00:07:30', NULL, NULL, '[\"定语从句\"]', '');
INSERT INTO `teachplan` VALUES (49, '非限制性定语从句', NULL, 'MP4', NULL, NULL, '一句So what玩转非限制性定语从句，易懂、更好用！', NULL, 7, 61, NULL, 1, '0', '2024-11-09 00:09:21', NULL, NULL, '[\"非限制性定语从句\"]', '');
INSERT INTO `teachplan` VALUES (50, '集合及其表示方法【高中数学】宋浩老师', NULL, 'MP4', NULL, NULL, '集合及其表示方法【高中数学】宋浩老师', NULL, 1, 62, NULL, 1, '0', '2024-11-09 00:48:13', NULL, NULL, '[\"集合\"]', NULL);
INSERT INTO `teachplan` VALUES (51, '运动基本物理量', NULL, 'MP4', NULL, NULL, '从零开始', NULL, 1, 65, NULL, 1, '0', '2024-11-13 09:07:04', NULL, NULL, '[\"基本物理\"]', '');
INSERT INTO `teachplan` VALUES (52, '中华文明起源与早期国家', NULL, 'MP4', NULL, NULL, '中华文明起源与早期国家', NULL, 1, 66, NULL, 1, '0', '2024-11-13 09:29:26', NULL, NULL, '[\"中华文明起源与早期国家\"]', '');
INSERT INTO `teachplan` VALUES (53, '春秋战国', NULL, 'MP4', NULL, NULL, '春秋战国', NULL, 2, 66, NULL, 1, '0', '2024-11-13 09:33:04', NULL, NULL, '[\"春秋战国\"]', '');
INSERT INTO `teachplan` VALUES (54, '秦朝', NULL, 'MP4', NULL, NULL, '秦朝', NULL, 3, 66, NULL, 1, '0', '2024-11-13 09:42:53', NULL, NULL, '[\"秦朝\",\"历史\"]', '');
INSERT INTO `teachplan` VALUES (55, '西汉', NULL, 'MP4', NULL, NULL, '西汉', NULL, 1, 67, NULL, 1, '0', '2024-11-13 10:03:02', NULL, NULL, '[\"中国史\",\"西汉\"]', '');
INSERT INTO `teachplan` VALUES (56, '东汉', NULL, 'MP4', NULL, NULL, '东汉', NULL, 2, 67, NULL, 1, '0', '2024-11-13 10:03:35', NULL, NULL, '[\"中国史\",\"东汉\"]', '');
INSERT INTO `teachplan` VALUES (57, '两汉文化', NULL, 'MP4', NULL, NULL, '两汉文化', NULL, 3, 67, NULL, 1, '0', '2024-11-13 10:04:30', NULL, NULL, '[\"中国史\",\"西汉 东汉 两汉文化\"]', '');
INSERT INTO `teachplan` VALUES (58, '三国两晋南北朝', NULL, 'MP4', NULL, NULL, '三国两晋南北朝', NULL, 4, 67, NULL, 1, '0', '2024-11-13 10:07:51', NULL, NULL, '[\"中国史\",\"三国两晋南北朝\"]', '');
INSERT INTO `teachplan` VALUES (59, '隋唐五代十国', NULL, 'MP4', NULL, NULL, '隋唐五代十国', NULL, 5, 67, NULL, 1, '0', '2024-11-13 10:10:49', NULL, NULL, '[\"中国史\",\"隋唐五代十国\"]', '');
INSERT INTO `teachplan` VALUES (60, '起始课', NULL, 'MP4', NULL, NULL, '起始课', NULL, 1, 68, NULL, 1, '0', '2024-11-13 10:21:37', NULL, NULL, '[\"语文\",\"课文理解\"]', '');
INSERT INTO `teachplan` VALUES (61, '沁园春·长沙', NULL, 'MP4', NULL, NULL, '沁园春·长沙', NULL, 2, 68, NULL, 1, '0', '2024-11-13 10:22:50', NULL, NULL, '[\"沁园春·长沙\",\"语文课程\"]', '');
INSERT INTO `teachplan` VALUES (62, '琵琶行', NULL, 'MP4', NULL, NULL, '讲述琵琶行的课文，语句翻译以及本文的意象', NULL, 3, 68, NULL, 1, '0', '2024-11-13 10:38:03', NULL, NULL, '[\"文言文\",\"语文\",\"教学\"]', '');
INSERT INTO `teachplan` VALUES (63, '红烛', NULL, 'MP4', NULL, NULL, '讲述红烛这篇文章的意象以及帮助我们更好理解课文', NULL, 4, 68, NULL, 1, '0', '2024-11-13 10:41:18', NULL, NULL, '[\"高一\",\"课文\"]', '');
INSERT INTO `teachplan` VALUES (64, '致云雀', NULL, 'MP4', NULL, NULL, '讲述致云雀的内容以及理解，描述致云雀的意象', NULL, 5, 68, NULL, 1, '0', '2024-11-13 10:44:33', NULL, NULL, '[\"高一\",\"语文课文\",\"古诗词\"]', '');
INSERT INTO `teachplan` VALUES (65, '蜀道难', NULL, 'MP4', NULL, NULL, '讲述蜀道难这篇文言文的创作，文章重难点，文言文翻译以及本文意象', NULL, 6, 68, NULL, 1, '0', '2024-11-13 10:53:25', NULL, NULL, '[\"高二\",\"文言文\",\"语文文章\",\"诗歌赏析\"]', '');
INSERT INTO `teachplan` VALUES (66, '集合', NULL, 'MP4', NULL, NULL, '介绍集合的概念，集合与集合的关系', NULL, 1, 69, NULL, 1, '0', '2024-11-13 11:17:08', NULL, NULL, '[\"高一\",\"集合\",\"基础知识点\"]', '');
INSERT INTO `teachplan` VALUES (67, '函数', NULL, 'MP4', NULL, NULL, '介绍函数的基础概念知识点', NULL, 2, 69, NULL, 1, '0', '2024-11-13 11:23:00', NULL, NULL, '[\"高二\",\"函数\",\"基础知识点\"]', '');
INSERT INTO `teachplan` VALUES (68, '立体几何', NULL, 'MP4', NULL, NULL, '介绍立体几何基础知识点以及几种立体几何的图形和需要注重的点', NULL, 3, 69, NULL, 1, '0', '2024-11-13 11:27:15', NULL, NULL, '[\"高二\",\"立体几何\",\"基础知识点\"]', '');
INSERT INTO `teachplan` VALUES (69, '三角函数', NULL, 'MP4', NULL, NULL, '介绍三角函数的基础知识点基本初等函数以及三角函数公式', NULL, 4, 69, NULL, 1, '0', '2024-11-13 11:32:22', NULL, NULL, '[\"高二\",\"三角函数\",\"基础知识点\"]', '');
INSERT INTO `teachplan` VALUES (70, '集合的概念', NULL, 'MP4', NULL, NULL, '本节课讲述了集合的基础知识点和用法以及一些经典题型的讲解', NULL, 1, 70, NULL, 1, '0', '2024-11-14 00:45:11', NULL, NULL, '[\"集合\",\"基础知识\",\"概念\",\"用法\"]', '');
INSERT INTO `teachplan` VALUES (71, '子集的概念', NULL, 'MP4', NULL, NULL, '本节课介绍了子集的概念和基础知识点以及讲解了许多经典题型', NULL, 2, 70, NULL, 1, '0', '2024-11-14 00:48:35', NULL, NULL, '[\"子集的概念\",\"集合\",\"高一数学\",\"基础知识点\"]', '');
INSERT INTO `teachplan` VALUES (72, '交并补运算', NULL, 'MP4', NULL, NULL, '本节课讲述了交并补运算的基础知识点以及讲解交并补运算的经典题型', NULL, 3, 70, NULL, 1, '0', '2024-11-14 00:52:55', NULL, NULL, '[\"交并补运算\",\"高一数学\",\"基础知识点\",\"经典题型\"]', '');
INSERT INTO `teachplan` VALUES (73, '集合的易错大盘点', NULL, 'MP4', NULL, NULL, '本节课讲述集合的易错大盘点并帮助同学巩固集合的知识点讲解各种经典易错题', NULL, 4, 70, NULL, 1, '0', '2024-11-14 00:56:36', NULL, NULL, '[\"集合\",\"易错大盘点\",\"高一数学\",\"知识点巩固\"]', '');
INSERT INTO `teachplan` VALUES (74, '充分必要条件', NULL, 'MP4', NULL, NULL, '本节课讲述了逻辑里面的充分必要条件及其知识点和用法并用题目帮助同学更好理解充分必要条件', NULL, 5, 70, NULL, 1, '0', '2024-11-14 00:59:15', NULL, NULL, '[\"逻辑\",\"充分必要条件\",\"高一数学\",\"基础知识点\",\"题型讲解\"]', '');
INSERT INTO `teachplan` VALUES (75, '全称与存在量词', NULL, 'MP4', NULL, NULL, '本节课讲述了逻辑中的全称与存在量词及其基础知识点并讲解了一些经典题目', NULL, 6, 70, NULL, 1, '0', '2024-11-14 01:02:38', NULL, NULL, '[\"逻辑\",\"全称与存在量词\",\"高一数学\",\"基础知识点\",\"题型讲解\"]', '');
INSERT INTO `teachplan` VALUES (76, '不等式的性质', NULL, 'MP4', NULL, NULL, '本节课讲述了不等式的性质和知识点和经典题型讲解帮助同学巩固不等式的性质', NULL, 7, 70, NULL, 1, '0', '2024-11-14 01:06:03', NULL, NULL, '[\"不等式\",\"高一数学\",\"基础知识点\",\"题型讲解\",\"不等式的性质\"]', '');
INSERT INTO `teachplan` VALUES (77, '基本不等式', NULL, 'MP4', NULL, NULL, '本节课讲述了不等式中的基本不等式及其知识点重难点并与大量题型讲解来帮助同学理解基本不等式', NULL, 8, 70, NULL, 1, '0', '2024-11-14 01:09:08', NULL, NULL, '[\"不等式\",\"基本不等式\",\"高一数学\",\"基础知识点\",\"题型讲解\"]', '');
INSERT INTO `teachplan` VALUES (78, '基本不等式(进阶篇)', NULL, 'MP4', NULL, NULL, '本节课讲述了基本不等式的进阶知识，让同学们更深刻了解基本不等式并用大量题型讲解帮助同学巩固基本不等式', NULL, 9, 70, NULL, 1, '0', '2024-11-14 01:13:56', NULL, NULL, '[\"不等式\",\"基本不等式\",\"进阶知识\",\"题型讲解\",\"高一数学\"]', '');
INSERT INTO `teachplan` VALUES (79, '二次函数', NULL, 'MP4', NULL, NULL, '本节课讲述二次函数的概念及其基础知识点并用大量题型帮助题型认识与了解二次函数', NULL, 10, 70, NULL, 1, '0', '2024-11-14 01:17:44', NULL, NULL, '[\"函数\",\"二次函数\",\"高二数学\",\"基础知识点\",\"题型讲解\"]', '');
INSERT INTO `teachplan` VALUES (80, '二次函数根的分布情况', NULL, 'MP4', NULL, NULL, '本节课讲述了二次函数根的分布情况概念及其知识点难易点并用更多的题目帮助题型了解二次函数根的分布情况', NULL, 11, 70, NULL, 1, '0', '2024-11-14 01:20:55', NULL, NULL, '[\"函数\",\"二次函数\",\"二次函数根的分布情况\",\"基础知识点\",\"题型讲解\"]', NULL);
INSERT INTO `teachplan` VALUES (81, '函数的概念', NULL, 'MP4', NULL, NULL, '本节课讲述了函数的基本概念和知识点并道出函数的定义域这一概念，通过概念和题目的讲解能更好的帮助同学理解函数的概念', NULL, 12, 70, NULL, 1, '0', '2024-11-14 01:24:27', NULL, NULL, '[\"函数\",\"函数的概念\",\"定义域\",\"知识点\",\"题型讲解\"]', '');
INSERT INTO `teachplan` VALUES (82, '函数解析式求法', NULL, 'MP4', NULL, NULL, '本节课讲述了函数解析式的几种求法并用题目讲解教同学如何运用各种求法', NULL, 13, 70, NULL, 1, '0', '2024-11-14 01:27:21', NULL, NULL, '[\"函数\",\"函数解析式\",\"知识点概况\",\"题型讲解\"]', '');
INSERT INTO `teachplan` VALUES (83, '分式函数的值域', NULL, 'MP4', NULL, NULL, '本节课讲述了函数的值域的基础概率和知识点，并通过题目教同学们如何求函数的值域', NULL, 14, 70, NULL, 1, '0', '2024-11-14 01:30:00', NULL, NULL, '[\"函数\",\"值域\",\"知识点概况\",\"题型讲解\"]', '');
INSERT INTO `teachplan` VALUES (84, '函数单调性', NULL, 'MP4', NULL, NULL, '本节课讲述了函数的单调性基础概念和知识点并用题目讲解来让同学们更好辨别出函数的单调性', NULL, 15, 70, NULL, 1, '0', '2024-11-14 01:33:07', NULL, NULL, '[\"函数\",\"单调性\",\"知识点概况\",\"题型讲解\"]', '');
INSERT INTO `teachplan` VALUES (85, '函数奇偶性', NULL, 'MP4', NULL, NULL, '本节课讲述了函数奇偶性的概念和知识点，通过题目来让同学门更好理解函数的奇偶性', NULL, 16, 70, NULL, 1, '0', '2024-11-14 01:37:24', NULL, NULL, '[\"函数\",\"奇偶性\",\"知识点概念\",\"题型讲解\"]', '');
INSERT INTO `teachplan` VALUES (86, '幂函数', NULL, 'MP4', NULL, NULL, '本节课讲述了幂函数的概念和知识点及有哪些常见的幂函数并通过题目让同学更好巩固幂函数知识点', NULL, 17, 70, NULL, 1, '0', '2024-11-14 01:40:37', NULL, NULL, '[\"函数\",\"幂函数\",\"知识点概况\",\"题型讲解\"]', '');
INSERT INTO `teachplan` VALUES (87, '分数指数幂的计算', NULL, 'MP4', NULL, NULL, '本节课讲述了幂函数计算公式的概念和知识点及有哪些常见的幂函数公式并通过题目让同学更好巩固幂函数的计算公式', NULL, 18, 70, NULL, 1, '0', '2024-11-14 01:43:22', NULL, NULL, '[\"函数\",\"幂函数\",\"计算\",\"知识点概况\",\"题型讲解\"]', '');
INSERT INTO `teachplan` VALUES (88, '指数函数', NULL, 'MP4', NULL, NULL, '本节课讲述了指数函数的概念和知识点及有哪些常见的指数函数并通过题目让同学更好巩固指数函数知识点', NULL, 19, 70, NULL, 1, '0', '2024-11-14 01:48:47', NULL, NULL, '[\"函数\",\"指数函数\",\"知识点概况\",\"题型讲解\"]', '');
INSERT INTO `teachplan` VALUES (89, '对数函数', NULL, 'MP4', NULL, NULL, '本节课讲述了对数函数的概念和知识点及有哪些常见的对数函数并通过题目让同学更好巩固对数函数知识点', NULL, 20, 70, NULL, 1, '0', '2024-11-14 01:50:43', NULL, NULL, '[\"函数\",\"对数函数\",\"知识点概况\",\"题型讲解\"]', NULL);
INSERT INTO `teachplan` VALUES (90, '三角函数的定义', NULL, 'MP4', NULL, NULL, '本节课讲述了三角函数的定义和知识点并用题目练习和讲解帮助同学更好的理解三角函数的定义', NULL, 21, 70, NULL, 1, '0', '2024-11-14 01:54:35', NULL, NULL, '[\"三角函数\",\"知识点概况\",\"题型讲解\"]', '');
INSERT INTO `teachplan` VALUES (91, 'sinx的图像与性质', NULL, 'MP4', NULL, NULL, '本节课讲述了sinx的图像与性质和知识点运用图像让同学更直观看到sianx并用题目练习和讲解帮助同学更好的理解三角函数', NULL, 22, 70, NULL, 1, '0', '2024-11-14 01:59:04', NULL, NULL, '[\"三角函数\",\"sinx的图像\",\"知识点概况\",\"题型讲解\"]', '');
INSERT INTO `teachplan` VALUES (92, 'cosx的图像与性质', NULL, 'MP4', NULL, NULL, '本节课讲述了cosx的图像与性质和知识点运用图像让同学更直观看到cosx并用题目练习和讲解帮助同学更好的理解三角函数', NULL, 23, 70, NULL, 1, '0', '2024-11-14 02:01:35', NULL, NULL, '[\"三角函数\",\"cosx\",\"知识点概况\",\"题型讲解\"]', '');
INSERT INTO `teachplan` VALUES (93, 'tanx的图像与性质', NULL, 'MP4', NULL, NULL, '本节课讲述了tanx的图像与性质和知识点运用图像让同学更直观看到tanx并用题目练习和讲解帮助同学更好的理解三角函数', NULL, 24, 70, NULL, 1, '0', '2024-11-14 02:04:25', NULL, NULL, '[\"三角函数\",\"tanx\",\"知识点概况\",\"题型讲解\"]', '');
INSERT INTO `teachplan` VALUES (94, '平面向量的基本概念', NULL, 'MP4', NULL, NULL, '本节课讲述了平面向量的基本概念和知识点并用题目练习和讲解帮助同学更好的理解平面向量的基本概念', NULL, 25, 70, NULL, 1, '0', '2024-11-14 02:07:38', NULL, NULL, '[\"平面向量\",\"知识点概况\",\"题型讲解\"]', '');
INSERT INTO `teachplan` VALUES (95, '向量的加减法运算法则', NULL, 'MP4', NULL, NULL, '本节课讲述了向量的加减法运算法则和知识点到并用题目练习和讲解帮助同学更好的理解和记忆向量的加减法运算法则', NULL, 26, 70, NULL, 1, '0', '2024-11-14 02:10:28', NULL, NULL, '[\"平面向量\",\"计算\",\"知识点概况\",\"题型讲解\"]', '');
INSERT INTO `teachplan` VALUES (96, '向量的数量积与投影', NULL, 'MP4', NULL, NULL, '本节课讲述了向量的数量积与投影和知识点并用题目练习和讲解帮助同学更好的理解向量的数量积与投影', NULL, 27, 70, NULL, 1, '0', '2024-11-14 02:14:14', NULL, NULL, '[\"平面向量\",\"数量积\",\"投影\",\"知识点概况\",\"题型讲解\"]', '');
INSERT INTO `teachplan` VALUES (97, '正弦定理', NULL, 'MP4', NULL, NULL, '本节课讲述了正弦定理的概念和知识点并用题目练习和讲解帮助同学更好的理解正弦定理', NULL, 28, 70, NULL, 1, '0', '2024-11-14 02:17:36', NULL, NULL, '[\"三角函数\",\"解三角形\",\"正弦定理\",\"知识点概况\",\"题型讲解\"]', '');
INSERT INTO `teachplan` VALUES (98, '余弦定理', NULL, 'MP4', NULL, NULL, '本节课讲述了余弦定理的概念和知识点并用题目练习和讲解帮助同学更好的理解余弦定理', NULL, 29, 70, NULL, 1, '0', '2024-11-14 02:19:39', NULL, NULL, '[\"三角函数\",\"解三角形\",\"余弦定理\",\"知识点概况\",\"题型讲解\"]', NULL);
INSERT INTO `teachplan` VALUES (99, '正余弦定理使用策略', NULL, 'MP4', NULL, NULL, '本节课讲述了正余弦定理使用策略和知识点并用题目练习和讲解告诉同学正余弦定理使用策略', NULL, 30, 70, NULL, 1, '0', '2024-11-14 02:22:51', NULL, NULL, '[\"三角函数\",\"解三角形\",\"正弦定理\",\"余弦定理\",\"知识点概况\",\"题型讲解\"]', '');
INSERT INTO `teachplan` VALUES (100, '三角变换法', NULL, 'MP4', NULL, NULL, '本节课讲述了三角变换法的概念和知识点并用题目练习和讲解帮助同学更好的理解三角变换法', NULL, 31, 70, NULL, 1, '0', '2024-11-14 02:25:13', NULL, NULL, '[\"三角函数\",\"解三角形\",\"三角变换法\",\"知识点概况\",\"题型讲解\"]', '');
INSERT INTO `teachplan` VALUES (101, '数列的概念与表示方法', NULL, 'MP4', NULL, NULL, '本节课讲述了数列的概念与表示方法和知识点并用题目练习和讲解帮助同学更好的理解数列的概念', NULL, 32, 70, NULL, 1, '0', '2024-11-14 02:27:58', NULL, NULL, '[\"数列\",\"基础知识\",\"知识点概况\",\"题型讲解\"]', '');
INSERT INTO `teachplan` VALUES (102, '等差数列的概念', NULL, 'MP4', NULL, NULL, '本节课讲述了等差数列的概念和知识点并用题目练习和讲解帮助同学更好的理解等差数列的概念', NULL, 33, 70, NULL, 1, '0', '2024-11-14 02:31:03', NULL, NULL, '[\"数列\",\"等差数列\",\"知识点概况\",\"题型讲解\"]', NULL);
INSERT INTO `teachplan` VALUES (103, '等差数列的前n项和', NULL, 'MP4', NULL, NULL, '本节课讲述了等差数列的前n项和概念求法和知识点并用题目练习和讲解帮助同学更好的理解等差数列的前n项和的求法', NULL, 34, 70, NULL, 1, '0', '2024-11-14 02:33:48', NULL, NULL, '[\"数列\",\"等差数列\",\"计算\",\"知识点概况\",\"题型讲解\"]', '');
INSERT INTO `teachplan` VALUES (104, '等比数列的概念', NULL, 'MP4', NULL, NULL, '本节课讲述了等比数列的概念和知识点并用题目练习和讲解帮助同学更好的理解等比数列的', NULL, 35, 70, NULL, 1, '0', '2024-11-14 02:36:09', NULL, NULL, '[\"数列\",\"等比数列\",\"知识点概况\",\"题型讲解\"]', '');
INSERT INTO `teachplan` VALUES (105, '等比数列的前n项和', NULL, 'MP4', NULL, NULL, '本节课讲述了等比数列的前n项和求法和知识点运并用题目练习和讲解帮助同学更好的理解等比数列的前n项和求法', NULL, 36, 70, NULL, 1, '0', '2024-11-14 02:39:13', NULL, NULL, '[\"数列\",\"等比数列\",\"计算\",\"知识点概况\",\"题型讲解\"]', '');
INSERT INTO `teachplan` VALUES (106, '待定系数与换元法求解通公式', NULL, 'MP4', NULL, NULL, '本节课讲述了待定系数与换元法求解通公式和知识点并用题目练习和讲解帮助同学更好的理解和记忆待定系数与换元法求解通公式', NULL, 37, 70, NULL, 1, '0', '2024-11-14 02:42:36', NULL, NULL, '[\"数列\",\"待定系数法\",\"换元法\",\"计算\",\"知识点概况\",\"题型讲解\"]', '');
INSERT INTO `teachplan` VALUES (107, '错位相减法求数列的和', NULL, 'MP4', NULL, NULL, '本节课讲述了错位相减法求数列的求和方法和知识点并用题目练习和讲解帮助同学更好的理解和记忆用错位相减法求数列的和', NULL, 38, 70, NULL, 1, '0', '2024-11-14 02:45:49', NULL, NULL, '[\"数列\",\"错位相减法\",\"计算\",\"知识点概况\",\"题型讲解\"]', '');
INSERT INTO `teachplan` VALUES (108, '裂项相消法求数列的和', NULL, 'MP4', NULL, NULL, '本节课讲述了裂项相消法求数列的和方法和知识点并用题目练习和讲解帮助同学更好的理解和记忆用裂项相消法求数列的和的方法', NULL, 39, 70, NULL, 1, '0', '2024-11-14 02:48:23', NULL, NULL, '[\"数列\",\"裂项相消法\",\"计算\",\"知识点概况\",\"题型讲解\"]', NULL);
INSERT INTO `teachplan` VALUES (109, '倒序相加与分组求和', NULL, 'MP4', NULL, NULL, '本节课讲述了倒序相加与分组求和方法和知识点并用题目练习和讲解帮助同学更好的理解和记忆运用倒序相加与分组求和的方法', NULL, 40, 70, NULL, 1, '0', '2024-11-14 02:51:34', NULL, NULL, '[\"数列\",\"倒序相加法\",\"分组求和\",\"计算\",\"知识点概况\",\"题型讲解\"]', '');
INSERT INTO `teachplan` VALUES (110, '复数的概念', NULL, 'MP4', NULL, NULL, '本节课讲述了复数的概念和知识点并用题目练习和讲解帮助同学更好的理解复数', NULL, 41, 70, NULL, 1, '0', '2024-11-14 02:56:14', NULL, NULL, '[\"复数\",\"知识点概况\",\"题型讲解\"]', '');
INSERT INTO `teachplan` VALUES (111, '复数的四则运算', NULL, 'MP4', NULL, NULL, '本节课讲述了复数的四则运算概念和知识点并用题目练习和讲解帮助同学更好的理解和运用复数的四则运算', NULL, 42, 70, NULL, 1, '0', '2024-11-14 02:59:31', NULL, NULL, '[\"复数\",\"计算\",\"知识点概况\",\"题型讲解\"]', '');
INSERT INTO `teachplan` VALUES (112, '基本立体图形', NULL, 'MP4', NULL, NULL, '本节课讲述了几种基本立体图形和知识点并用题目练习和讲解帮助同学更好的辨别各种基本立体图形', NULL, 43, 70, NULL, 1, '0', '2024-11-14 03:03:27', NULL, NULL, '[\"立体几何\",\"基本立体图形\",\"知识点概况\",\"题型讲解\"]', '');
INSERT INTO `teachplan` VALUES (113, '简单几何体的表面积与体积', NULL, 'MP4', NULL, NULL, '本节课讲述了简单几何体的表面积与体积运算公式和知识点并用题目练习和讲解帮助同学更好的理解和记忆简单几何体的表面积与体积运算公式', NULL, 44, 70, NULL, 1, '0', '2024-11-14 03:10:37', NULL, NULL, '[\"立体几何\",\"表面积\",\"体积\",\"知识点概况\",\"题型讲解\"]', '');
INSERT INTO `teachplan` VALUES (114, '空间中直线与直线的位置关系', NULL, 'MP4', NULL, NULL, '本节课讲述了空间中直线与直线的位置关系和知识点运用图像让同学更直观看到空间中直线与直线的位置关系并用题目练习和讲解帮助同学更好的理解空间中直线与直线的位置关系', NULL, 45, 70, NULL, 1, '0', '2024-11-14 03:17:27', NULL, NULL, '[\"立体几何\",\"直线\",\"知识点概况\",\"题型讲解\"]', '');
INSERT INTO `teachplan` VALUES (115, '随机抽样', NULL, 'MP4', NULL, NULL, '本节课讲述了随机抽样的概念和知识点并用题目练习和讲解帮助同学更好的理解随机抽样', NULL, 46, 70, NULL, 1, '0', '2024-11-14 03:19:58', NULL, NULL, '[\"统计与概率\",\"随机抽样\",\"知识点概况\",\"题型讲解\"]', '');
INSERT INTO `teachplan` VALUES (116, '古典概型', NULL, 'MP4', NULL, NULL, '本节课讲述了古典概型的概念和知识点并用题目练习和讲解帮助同学更好的理解古典概型', NULL, 47, 70, NULL, 1, '0', '2024-11-14 03:22:02', NULL, NULL, '[\"统计与概率\",\"古典概型\",\"知识点概况\",\"题型讲解\"]', NULL);
INSERT INTO `teachplan` VALUES (117, '事件的相互独立', NULL, 'MP4', NULL, NULL, '本节课讲述了事件的相互独立和知识点并用题目练习和讲解帮助同学更好的理解事件的相互独立', NULL, 48, 70, NULL, 1, '0', '2024-11-14 03:25:30', NULL, NULL, '[\"统计与概率\",\"事件的相互独立\",\"知识点概况\",\"题型讲解\"]', '');
INSERT INTO `teachplan` VALUES (118, '空间向量及其运算', NULL, 'MP4', NULL, NULL, '本节课讲述了空间向量及其运算和知识点运用图像让同学更直观看到空间向量并用题目练习和讲解帮助同学更好的理解空间向量及其运算', NULL, 49, 70, NULL, 1, '0', '2024-11-14 03:29:21', NULL, NULL, '[\"立体几何\",\"空间向量\",\"计算\",\"知识点概况\",\"题型讲解\"]', '');
INSERT INTO `teachplan` VALUES (119, '建系与坐标运算', NULL, 'MP4', NULL, NULL, '本节课讲述了s建系与坐标运算和知识点运用图像让同学更直观看到立体几何建立空间直角坐标系并用题目练习和讲解帮助同学更好的理解立体几何建立空间直角坐标系和坐标的运算', NULL, 50, 70, NULL, 1, '0', '2024-11-14 03:33:44', NULL, NULL, '[\"立体几何\",\"建系与坐标运算\",\"计算\",\"知识点概况\",\"题型讲解\"]', '');
INSERT INTO `teachplan` VALUES (120, '证明平行垂直', NULL, 'MP4', NULL, NULL, '本节课讲述了立体几何证明平行垂直和知识点运用图像让同学更直观看到立体几何直接线与线的关系并用题目练习和讲解帮助同学更好的理解立体几何证明平行垂直', NULL, 51, 70, NULL, 1, '0', '2024-11-14 03:37:23', NULL, NULL, '[\"立体几何\",\"证明平行垂直\",\"知识点概况\",\"题型讲解\"]', '');
INSERT INTO `teachplan` VALUES (121, '交点坐标与距离公式', NULL, 'MP4', NULL, NULL, '本节课讲述了交点坐标与距离公式和知识点并用题目练习和讲解帮助同学更好的理解交点坐标与距离公式', NULL, 52, 70, NULL, 1, '0', '2024-11-14 03:43:45', NULL, NULL, '[\"直线与圆\",\"计算\",\"知识点概况\",\"题型讲解\"]', '');
INSERT INTO `teachplan` VALUES (122, '直线与圆位置关系', NULL, 'MP4', NULL, NULL, '本节课讲述了直线与圆位置关系和知识点并用题目练习和讲解帮助同学更好的理解和计算直线与圆位置关系', NULL, 53, 70, NULL, 1, '0', '2024-11-14 03:48:04', NULL, NULL, '[\"直线与圆\",\"计算\",\"知识点概况\",\"题型讲解\"]', '');
INSERT INTO `teachplan` VALUES (123, '圆与圆的位置关系', NULL, 'MP4', NULL, NULL, '本节课讲述了圆与圆的位置关系和知识点运用图像让同学更直观看到圆与圆的位置关系并用题目练习和讲解帮助同学更好的理解和计算圆与圆的位置关系', NULL, 54, 70, NULL, 1, '0', '2024-11-14 03:54:47', NULL, NULL, '[\"直线与圆\",\"圆与圆的位置关系\",\"知识点概况\",\"题型讲解\"]', '');
INSERT INTO `teachplan` VALUES (124, '椭圆的定义', NULL, 'MP4', NULL, NULL, '本节课讲述了椭圆的定义和知识点并用题目练习和讲解帮助同学更好的理解椭圆的定义', NULL, 55, 70, NULL, 1, '0', '2024-11-14 03:57:33', NULL, NULL, '[\"圆锥曲线\",\"椭圆\",\"知识点概况\",\"题型讲解\"]', '');
INSERT INTO `teachplan` VALUES (125, '双曲线的定义', NULL, 'MP4', NULL, NULL, '本节课讲述了双曲线的定义和知识点并用题目练习和讲解帮助同学更好的理解双曲线的定义', NULL, 56, 70, NULL, 1, '0', '2024-11-14 03:59:59', NULL, NULL, '[\"圆锥曲线\",\"双曲线的定义\",\"知识点概况\",\"题型讲解\"]', '');
INSERT INTO `teachplan` VALUES (126, '抛物线的定义', NULL, 'MP4', NULL, NULL, '本节课讲述了抛物线的定义和知识点并用题目练习和讲解帮助同学更好的理解抛物线的定义', NULL, 57, 70, NULL, 1, '0', '2024-11-14 04:02:24', NULL, NULL, '[\"圆锥曲线\",\"抛物线的定义\",\"知识点概况\",\"题型讲解\"]', '');
INSERT INTO `teachplan` VALUES (127, '运动基本物理量', NULL, 'MP4', NULL, NULL, '本节课介绍了物理里面运动基本物理量', NULL, 1, 71, NULL, 1, '0', '2024-11-14 17:28:12', NULL, NULL, '[\"运动学\",\"物理\",\"知识点概况\"]', '');
INSERT INTO `teachplan` VALUES (128, '运动学公式', NULL, 'MP4', NULL, NULL, '本节课讲述了运动学的基本公式', NULL, 2, 71, NULL, 1, '0', '2024-11-14 17:30:15', NULL, NULL, '[\"运动学\",\"公式\",\"知识点概况\"]', '');
INSERT INTO `teachplan` VALUES (129, '平均速度', NULL, 'MP4', NULL, NULL, '本节课讲述了平均速度的基础概念及其基本公式运算', NULL, 3, 71, NULL, 1, '0', '2024-11-14 17:32:26', NULL, NULL, '[\"运动学\",\"平均速度\",\"知识点概况\"]', '');
INSERT INTO `teachplan` VALUES (130, '相邻相等时间间隔', NULL, 'MP4', NULL, NULL, '本节课讲述了相邻相等时间间隔及其运算公式', NULL, 4, 71, NULL, 1, '0', '2024-11-14 17:34:21', NULL, NULL, '[\"运动学\",\"相邻相等时间间隔\",\"知识点概况\"]', '');
INSERT INTO `teachplan` VALUES (131, 'x-t图', NULL, 'MP4', NULL, NULL, '本节课讲述了x-t图及其中的运算公式', NULL, 5, 71, NULL, 1, '0', '2024-11-14 17:42:21', NULL, NULL, '[\"运动学\",\"x-t图\",\"知识点概况\"]', '');
INSERT INTO `teachplan` VALUES (132, 'v-t图', NULL, 'MP4', NULL, NULL, '本节课讲述了v-t图及其后面的运算公式', NULL, 6, 71, NULL, 1, '0', '2024-11-14 17:47:44', NULL, NULL, '[\"运动学\",\"v-t图\",\"知识点概况\"]', '');
INSERT INTO `teachplan` VALUES (133, '英语', NULL, 'MP4', NULL, NULL, '英语，英语', NULL, 1, 73, NULL, 1, '0', '2024-11-21 17:50:27', NULL, NULL, '[\"英语\",\"语文\"]', '');
INSERT INTO `teachplan` VALUES (146, '请求', NULL, 'MP4', NULL, NULL, '前端', NULL, 1, 76, NULL, 1, '0', '2024-11-25 14:51:22', NULL, NULL, '[\"去掉\"]', '');
INSERT INTO `teachplan` VALUES (147, '测试', NULL, 'MP4', NULL, NULL, '无', NULL, 2, 76, NULL, 1, '0', '2024-11-25 15:33:08', NULL, NULL, '[\"无\"]', '');
INSERT INTO `teachplan` VALUES (153, '测试', NULL, 'MP4', NULL, NULL, '无', NULL, 1, 78, NULL, 1, '0', '2024-11-25 17:49:08', NULL, NULL, '[\"无\"]', '');
INSERT INTO `teachplan` VALUES (165, '三角函数', NULL, 'MP4', NULL, NULL, '高中生', NULL, 1, 90, NULL, 1, '0', '2024-11-27 09:02:27', NULL, NULL, '[\"tanx\",\"sinx\",\"cosx\"]', '');
INSERT INTO `teachplan` VALUES (167, '新', NULL, 'MP4', NULL, NULL, '阿松大', NULL, 2, 90, NULL, 1, '0', '2024-11-27 09:51:04', NULL, NULL, '[\"阿松大\",\"阿松大1\"]', '');
INSERT INTO `teachplan` VALUES (168, '三角函数基础1', NULL, 'MP4', NULL, NULL, '了解三角函数的sinx、cosx、tanx等等', NULL, 1, 91, NULL, 1, '0', '2024-11-27 15:01:44', NULL, NULL, '[\"三角函数\",\"sin值计算\",\"cos值计算\"]', '');
INSERT INTO `teachplan` VALUES (172, '泛在学习', NULL, 'MP4', NULL, NULL, '无', NULL, 1, 92, NULL, 1, '0', '2024-11-27 23:18:46', NULL, NULL, '[\"无\"]', '');
INSERT INTO `teachplan` VALUES (173, '测试', NULL, 'MP4', NULL, NULL, '无', NULL, 1, 93, NULL, 1, '0', '2024-11-28 15:46:41', NULL, NULL, '[\"无\"]', '');
INSERT INTO `teachplan` VALUES (175, '集合函数理论', NULL, 'MP4', NULL, NULL, '理论讲解', NULL, 1, 95, NULL, 1, '0', '2024-11-28 18:54:10', NULL, NULL, '[\"集合函数\"]', '');

-- ----------------------------
-- Table structure for teachplan_media
-- ----------------------------
DROP TABLE IF EXISTS `teachplan_media`;
CREATE TABLE `teachplan_media`  (
  `id` bigint NOT NULL AUTO_INCREMENT COMMENT '主键',
  `media_id` varchar(32) CHARACTER SET utf8mb4 COLLATE utf8mb4_general_ci NULL DEFAULT NULL COMMENT '媒资文件id',
  `teachplan_id` bigint NOT NULL COMMENT '课程计划标识',
  `course_id` bigint NOT NULL COMMENT '课程标识',
  `media_file_name` varchar(150) CHARACTER SET utf8mb4 COLLATE utf8mb4_general_ci NOT NULL COMMENT '媒资文件原始名称',
  `create_date` datetime NULL DEFAULT NULL,
  `create_people` varchar(60) CHARACTER SET utf8mb4 COLLATE utf8mb4_general_ci NULL DEFAULT NULL COMMENT '创建人',
  `change_people` varchar(60) CHARACTER SET utf8mb4 COLLATE utf8mb4_general_ci NULL DEFAULT NULL COMMENT '修改人',
  PRIMARY KEY (`id`) USING BTREE,
  INDEX `teachplan_media_teachplan_id_course_id_index`(`teachplan_id` ASC, `course_id` ASC) USING BTREE
) ENGINE = InnoDB AUTO_INCREMENT = 240 CHARACTER SET = utf8mb4 COLLATE = utf8mb4_general_ci ROW_FORMAT = DYNAMIC;

-- ----------------------------
-- Records of teachplan_media
-- ----------------------------
INSERT INTO `teachplan_media` VALUES (108, '62cf0b2249a2448525f91d2b4dc16a57', 42, 61, '820858815-1-16.mp4', '2024-11-08 23:58:26', NULL, NULL);
INSERT INTO `teachplan_media` VALUES (109, 'e1cba1434ab6035149bd752fa598146a', 43, 61, '817355898-1-16.mp4', '2024-11-08 23:58:56', NULL, NULL);
INSERT INTO `teachplan_media` VALUES (110, 'cc2ffc3342c159f47695afd88c7b643f', 44, 61, '823834284-1-16.mp4', '2024-11-08 23:59:15', NULL, NULL);
INSERT INTO `teachplan_media` VALUES (111, 'cf139c2b33811931cdc4f51d063c4519', 45, 61, '829916813-1-16.mp4', '2024-11-08 23:59:30', NULL, NULL);
INSERT INTO `teachplan_media` VALUES (112, 'a7ecf4f77151a20cb2938b439ca25819', 47, 61, '定语从句（上）.mp4', '2024-11-09 00:05:51', NULL, NULL);
INSERT INTO `teachplan_media` VALUES (113, '39c3d5d27c970e567fdf7bc27d865432', 48, 61, '定语从句（下）.mp4', '2024-11-09 00:07:38', NULL, NULL);
INSERT INTO `teachplan_media` VALUES (114, '3430a03f3abe86a1a2c478a7c09db296', 49, 61, '非限制性定语从句.mp4', '2024-11-09 00:09:29', NULL, NULL);
INSERT INTO `teachplan_media` VALUES (115, 'df61dc8cea6d51f952228a3b4e85ef8c', 51, 65, '457142833-1-16.mp4', '2024-11-13 09:07:58', NULL, NULL);
INSERT INTO `teachplan_media` VALUES (117, 'a192d0f502e140fc3dee4d1fd3c9b328', 52, 66, '中华文明起源与早期国家.mp4', '2024-11-13 09:29:56', NULL, NULL);
INSERT INTO `teachplan_media` VALUES (118, '0957b94bb41607909f106047bc4dee93', 53, 66, '春秋战国.mp4', '2024-11-13 09:33:11', NULL, NULL);
INSERT INTO `teachplan_media` VALUES (119, 'b6a0f3bfaffe177c05ebab466b2f6d7a', 54, 66, '秦朝.mp4', '2024-11-13 09:43:01', NULL, NULL);
INSERT INTO `teachplan_media` VALUES (121, '93e8ecaaeac481ddcb7218e8172f27b7', 55, 67, '西汉.mp4', '2024-11-13 10:05:09', NULL, NULL);
INSERT INTO `teachplan_media` VALUES (122, 'ac198fec18a53863951ff72be4bce4c8', 56, 67, '东汉.mp4', '2024-11-13 10:05:32', NULL, NULL);
INSERT INTO `teachplan_media` VALUES (123, 'd3db8d1c7703122465b81d2ed9ee4675', 57, 67, '两汉文化.mp4', '2024-11-13 10:06:03', NULL, NULL);
INSERT INTO `teachplan_media` VALUES (124, '8732a1025afbb2b841063bf8580ca895', 58, 67, '三国两晋南北朝.mp4', '2024-11-13 10:07:58', NULL, NULL);
INSERT INTO `teachplan_media` VALUES (125, 'f0a299a009829077b273b3c3d9686e45', 59, 67, '隋唐五代十国.mp4', '2024-11-13 10:11:15', NULL, NULL);
INSERT INTO `teachplan_media` VALUES (126, '94db24a231192e1d62ab256d74edad64', 60, 68, '起始课.mp4', '2024-11-13 10:22:15', NULL, NULL);
INSERT INTO `teachplan_media` VALUES (127, 'f20f678dac674bb226a45b37de06d354', 61, 68, '沁园春·长沙.mp4', '2024-11-13 10:22:58', NULL, NULL);
INSERT INTO `teachplan_media` VALUES (128, 'c1429c7142eda98ff7b17971cfe1c99f', 62, 68, '琵琶行.mp4', '2024-11-13 10:38:15', NULL, NULL);
INSERT INTO `teachplan_media` VALUES (129, 'ec4ce41e142d4010e7201e925a3637f8', 63, 68, '红烛.mp4', '2024-11-13 10:41:25', NULL, NULL);
INSERT INTO `teachplan_media` VALUES (130, '2abe3a4829f9f36991e4378f1f8255ae', 64, 68, '致云雀.mp4', '2024-11-13 10:44:40', NULL, NULL);
INSERT INTO `teachplan_media` VALUES (131, '11d487ab2b81b8af3acf24ddf46ee0e9', 65, 68, '蜀道难.mp4', '2024-11-13 10:53:32', NULL, NULL);
INSERT INTO `teachplan_media` VALUES (132, '0134b3262914f6b383ba7ca27791e3bf', 66, 69, '集合.mp4', '2024-11-13 11:17:14', NULL, NULL);
INSERT INTO `teachplan_media` VALUES (133, '043b0dd7a34e0cc7b5c01630be79eb9b', 67, 69, '函数.mp4', '2024-11-13 11:23:07', NULL, NULL);
INSERT INTO `teachplan_media` VALUES (134, 'ca9d595a91ae1a4e8ef93a3a6794cf59', 68, 69, '立体几何.mp4', '2024-11-13 11:27:28', NULL, NULL);
INSERT INTO `teachplan_media` VALUES (135, '88c4e33cb32660b779a6ca9f44b10ca2', 69, 69, '三角函数mp4.mp4', '2024-11-13 11:32:31', NULL, NULL);
INSERT INTO `teachplan_media` VALUES (136, 'ecc2339bf40948e5f1683eba2a3e1287', 70, 70, '集合的概念.mp4', '2024-11-14 00:46:20', NULL, NULL);
INSERT INTO `teachplan_media` VALUES (137, '65ae81ee4ac46da78f89145318e59ae9', 71, 70, '子集的概念.mp4', '2024-11-14 00:50:43', NULL, NULL);
INSERT INTO `teachplan_media` VALUES (138, '318fb46740994107332b92c159d4d712', 72, 70, '交并补运算.mp4', '2024-11-14 00:53:49', NULL, NULL);
INSERT INTO `teachplan_media` VALUES (139, 'cde17f1efe5c23a7584977d33faf29a0', 73, 70, '集合的易错大盘点.mp4', '2024-11-14 00:56:49', NULL, NULL);
INSERT INTO `teachplan_media` VALUES (140, 'a5de7d1e1cb6b19ce5b94a651e0833ab', 74, 70, '充分必要条件.mp4', '2024-11-14 01:00:11', NULL, NULL);
INSERT INTO `teachplan_media` VALUES (141, 'bc2e8ba2867dc8be204bfed5d38fd210', 75, 70, '全称与存在量词.mp4', '2024-11-14 01:03:31', NULL, NULL);
INSERT INTO `teachplan_media` VALUES (142, '09e26407bfc9ce82fa0097481032ee6e', 76, 70, '不等式的性质.mp4', '2024-11-14 01:06:09', NULL, NULL);
INSERT INTO `teachplan_media` VALUES (143, '6e6bd15f37da61848a7c185628148292', 77, 70, '基本不等式.mp4', '2024-11-14 01:09:18', NULL, NULL);
INSERT INTO `teachplan_media` VALUES (144, '4b28497b5234d4e3f6443f497c73718c', 78, 70, '基本不等式(进阶篇).mp4', '2024-11-14 01:14:06', NULL, NULL);
INSERT INTO `teachplan_media` VALUES (145, '98ad0bf3d6888c87f673afe3c30b20ea', 79, 70, '二次函数.mp4', '2024-11-14 01:17:56', NULL, NULL);
INSERT INTO `teachplan_media` VALUES (146, 'f04bb51a52c109c296ea4572fbe3c414', 81, 70, '函数的概念.mp4', '2024-11-14 01:24:49', NULL, NULL);
INSERT INTO `teachplan_media` VALUES (147, '5f3cfae1a693c61600ec13755038b330', 82, 70, '函数解析式求法.mp4', '2024-11-14 01:27:31', NULL, NULL);
INSERT INTO `teachplan_media` VALUES (148, '1906ac37162b4356f9c61fc006a00e30', 83, 70, '分式函数的值域.mp4', '2024-11-14 01:30:09', NULL, NULL);
INSERT INTO `teachplan_media` VALUES (149, 'd57c047a0b5f312a34a8c3cf3f70e7fe', 84, 70, '函数单调性.mp4', '2024-11-14 01:33:25', NULL, NULL);
INSERT INTO `teachplan_media` VALUES (150, '2e836a45b6988c1ee8013e702fad2b43', 85, 70, '函数的奇偶性.mp4', '2024-11-14 01:37:52', NULL, NULL);
INSERT INTO `teachplan_media` VALUES (151, '5a0e61fc709941854f6d0c6d1cf88cbc', 86, 70, '幂函数.mp4', '2024-11-14 01:40:49', NULL, NULL);
INSERT INTO `teachplan_media` VALUES (153, 'cf92fd57ff0e837ef680c04effddef3c', 87, 70, '分数指数幂的计算.mp4', '2024-11-14 01:43:52', NULL, NULL);
INSERT INTO `teachplan_media` VALUES (154, 'c6c24ae1df69f3ab28dfe3d7af205c4f', 88, 70, '指数函数.mp4', '2024-11-14 01:49:05', NULL, NULL);
INSERT INTO `teachplan_media` VALUES (155, '029adc9716dc7aecd4be6f6900007ad8', 90, 70, '三角函数的定义.mp4', '2024-11-14 01:55:09', NULL, NULL);
INSERT INTO `teachplan_media` VALUES (156, '6c61d3aa1e0ec271a4ae8593f932f2b2', 91, 70, 'sinx的图像与性质.mp4', '2024-11-14 01:59:17', NULL, NULL);
INSERT INTO `teachplan_media` VALUES (157, 'bf83bd957e8c9c309b8b457646d32787', 92, 70, 'cosx的图像与性质.mp4', '2024-11-14 02:01:53', NULL, NULL);
INSERT INTO `teachplan_media` VALUES (158, 'c9301fce26d078ba28f43525022e5d86', 93, 70, 'tanx的图像与性质.mp4', '2024-11-14 02:04:44', NULL, NULL);
INSERT INTO `teachplan_media` VALUES (159, '1105cccf91a74b8fce16df91ddf1254a', 94, 70, '平面向量的基本概念.mp4', '2024-11-14 02:07:49', NULL, NULL);
INSERT INTO `teachplan_media` VALUES (160, '2695819d131ef50c7fd08b90a5f1b276', 95, 70, '向量的加减法运算法则.mp4', '2024-11-14 02:10:40', NULL, NULL);
INSERT INTO `teachplan_media` VALUES (161, '53f2a77b736c88b76286febe5bc3291f', 96, 70, '向量的数量积与投影.mp4', '2024-11-14 02:14:27', NULL, NULL);
INSERT INTO `teachplan_media` VALUES (162, '6fd2fc281b4f23f2365cf5e4b14e669e', 97, 70, '正弦定理.mp4', '2024-11-14 02:17:54', NULL, NULL);
INSERT INTO `teachplan_media` VALUES (163, '22d49fe7e380a0530839ee51b9ef890f', 99, 70, '正余弦定理使用策略.mp4', '2024-11-14 02:23:01', NULL, NULL);
INSERT INTO `teachplan_media` VALUES (164, 'fc5ee8a0bfbf91de9a412b114462310d', 100, 70, '三角变换法.mp4', '2024-11-14 02:25:42', NULL, NULL);
INSERT INTO `teachplan_media` VALUES (165, '85a5e58b982eeb79ad3f7c5db5261f5b', 101, 70, '数列的概念与表示方法.mp4', '2024-11-14 02:28:18', NULL, NULL);
INSERT INTO `teachplan_media` VALUES (166, 'b57c3585489ee2fa0419c12ae786f9c0', 103, 70, '等差数列的前n项和.mp4', '2024-11-14 02:34:09', NULL, NULL);
INSERT INTO `teachplan_media` VALUES (167, '0c050e09c391bc873cec5f7f5eb065fc', 104, 70, '等比数列的概念.mp4', '2024-11-14 02:36:21', NULL, NULL);
INSERT INTO `teachplan_media` VALUES (168, '18b2ffec10fa8f31212e133724e032ed', 105, 70, '等比数列的前n项和.mp4', '2024-11-14 02:39:25', NULL, NULL);
INSERT INTO `teachplan_media` VALUES (169, 'f351628dd38584744c6d14184c8e9578', 106, 70, '待定系数与换元法求解通公式.mp4', '2024-11-14 02:43:08', NULL, NULL);
INSERT INTO `teachplan_media` VALUES (170, '3bb73b82558b4a43d30911f0816504a1', 107, 70, '错位相减法求数列的和.mp4', '2024-11-14 02:46:05', NULL, NULL);
INSERT INTO `teachplan_media` VALUES (171, '6b6ee771fdb1c4b8db1e702b865a8658', 109, 70, '倒序相加与分组求和.mp4', '2024-11-14 02:54:22', NULL, NULL);
INSERT INTO `teachplan_media` VALUES (172, 'eb2a65f8ad50a35d0696185a95116355', 110, 70, '复数的概念.mp4', '2024-11-14 02:57:15', NULL, NULL);
INSERT INTO `teachplan_media` VALUES (173, 'b602351bb404b1911322943a70ac9142', 111, 70, '复数的四则运算.mp4', '2024-11-14 02:59:53', NULL, NULL);
INSERT INTO `teachplan_media` VALUES (174, '2709d85bf479029a4441d87fb9604eb4', 112, 70, '基本立体图形.mp4', '2024-11-14 03:03:46', NULL, NULL);
INSERT INTO `teachplan_media` VALUES (175, '4b54fd523a18097cd79bc254f87cf782', 113, 70, '简单几何体的表面积与体积.mp4', '2024-11-14 03:10:53', NULL, NULL);
INSERT INTO `teachplan_media` VALUES (176, '9661bfeb1d93c3cc3df9acad332436a4', 114, 70, '空间中直线与直线的位置关系.mp4', '2024-11-14 03:17:54', NULL, NULL);
INSERT INTO `teachplan_media` VALUES (177, 'b3bef413e66041291e767266a7e37d92', 115, 70, '随机抽样.mp4', '2024-11-14 03:20:24', NULL, NULL);
INSERT INTO `teachplan_media` VALUES (178, 'd871bdc0e4ed6f3d27478d75250d3077', 117, 70, '事件的相互独立.mp4', '2024-11-14 03:26:03', NULL, NULL);
INSERT INTO `teachplan_media` VALUES (179, 'bb5d98daf9f4824e7bdd1b44ee13cb46', 118, 70, '空间向量及其运算.mp4', '2024-11-14 03:29:53', NULL, NULL);
INSERT INTO `teachplan_media` VALUES (180, '20a161288e663d9823e19685f53cf58c', 119, 70, '建系与坐标运算.mp4', '2024-11-14 03:34:33', NULL, NULL);
INSERT INTO `teachplan_media` VALUES (181, 'b7360b77a138e07096e3c7c4bfa88375', 120, 70, '证明平行垂直.mp4', '2024-11-14 03:37:50', NULL, NULL);
INSERT INTO `teachplan_media` VALUES (182, 'e3a961d36c6ef2ba47476e48c24551c8', 121, 70, '交点坐标与距离公式.mp4', '2024-11-14 03:44:25', NULL, NULL);
INSERT INTO `teachplan_media` VALUES (183, 'cfa708985da761d6261edf90710cc4f2', 122, 70, '直线与圆位置关系.mp4', '2024-11-14 03:48:50', NULL, NULL);
INSERT INTO `teachplan_media` VALUES (184, '7eca683b1cbd1409ce14b7f14291282f', 123, 70, '圆与圆的位置关系.mp4', '2024-11-14 03:55:04', NULL, NULL);
INSERT INTO `teachplan_media` VALUES (185, 'dc0d974a2062c02a6df84c0a7b8ecb97', 124, 70, '椭圆的定义.mp4', '2024-11-14 03:58:03', NULL, NULL);
INSERT INTO `teachplan_media` VALUES (186, '1d3d5441afee949022dd1c6996158e4e', 125, 70, '双曲线的定义.mp4', '2024-11-14 04:00:51', NULL, NULL);
INSERT INTO `teachplan_media` VALUES (187, '2229dd92a1a183e40aa056670eea30e8', 126, 70, '抛物线的定义.mp4', '2024-11-14 04:02:47', NULL, NULL);
INSERT INTO `teachplan_media` VALUES (188, 'df61dc8cea6d51f952228a3b4e85ef8c', 127, 71, '457142833-1-16.mp4', '2024-11-14 17:28:38', NULL, NULL);
INSERT INTO `teachplan_media` VALUES (189, 'ca12036a794127185503a925df04ca48', 128, 71, '运动学公式.mp4', '2024-11-14 17:30:53', NULL, NULL);
INSERT INTO `teachplan_media` VALUES (190, 'b2adc3bb44de4f75dc67698ef6ce79e3', 129, 71, '平均速度.mp4', '2024-11-14 17:32:46', NULL, NULL);
INSERT INTO `teachplan_media` VALUES (191, '821a23fc5d25768546be7b8c436ea4d5', 130, 71, '相邻相等时间间隔.mp4', '2024-11-14 17:34:45', NULL, NULL);
INSERT INTO `teachplan_media` VALUES (192, '1e30c190afd263b65374f4d9b94cb7d8', 131, 71, 'x-t图.mp4', '2024-11-14 17:42:31', NULL, NULL);
INSERT INTO `teachplan_media` VALUES (193, '3a54aaa5325a6c824b2d14babf5f0a90', 132, 71, 'v-t图.mp4', '2024-11-14 17:47:58', NULL, NULL);
INSERT INTO `teachplan_media` VALUES (194, '02b06d9b5b00f9e65b3176258deadb39', 133, 73, '集合及其表示方法.mp4', '2024-11-21 17:53:36', NULL, NULL);
INSERT INTO `teachplan_media` VALUES (200, '029adc9716dc7aecd4be6f6900007ad8', 142, 76, '三角函数的定义.mp4', '2024-11-25 14:33:41', NULL, NULL);
INSERT INTO `teachplan_media` VALUES (201, '043b0dd7a34e0cc7b5c01630be79eb9b', 143, 76, '函数.mp4', '2024-11-25 14:35:14', NULL, NULL);
INSERT INTO `teachplan_media` VALUES (202, '043b0dd7a34e0cc7b5c01630be79eb9b', 144, 76, '函数.mp4', '2024-11-25 14:37:01', NULL, NULL);
INSERT INTO `teachplan_media` VALUES (203, '02b06d9b5b00f9e65b3176258deadb39', 145, 76, '集合及其表示方法.mp4', '2024-11-25 14:47:12', NULL, NULL);
INSERT INTO `teachplan_media` VALUES (204, '043b0dd7a34e0cc7b5c01630be79eb9b', 146, 76, '函数.mp4', '2024-11-25 14:51:28', NULL, NULL);
INSERT INTO `teachplan_media` VALUES (205, '0134b3262914f6b383ba7ca27791e3bf', 147, 76, '集合.mp4', '2024-11-25 15:33:40', NULL, NULL);
INSERT INTO `teachplan_media` VALUES (211, '0134b3262914f6b383ba7ca27791e3bf', 153, 78, '集合.mp4', '2024-11-25 17:49:13', NULL, NULL);
INSERT INTO `teachplan_media` VALUES (212, '0134b3262914f6b383ba7ca27791e3bf', 154, 81, '集合.mp4', '2024-11-25 17:58:21', NULL, NULL);
INSERT INTO `teachplan_media` VALUES (227, 'ecc2339bf40948e5f1683eba2a3e1287', 165, 90, '集合的概念.mp4', '2024-11-27 09:49:03', NULL, NULL);
INSERT INTO `teachplan_media` VALUES (230, '53f2a77b736c88b76286febe5bc3291f', 167, 90, '向量的数量积与投影.mp4', '2024-11-27 10:02:19', NULL, NULL);
INSERT INTO `teachplan_media` VALUES (231, '029adc9716dc7aecd4be6f6900007ad8', 168, 91, '三角函数的定义.mp4', '2024-11-27 15:01:58', NULL, NULL);
INSERT INTO `teachplan_media` VALUES (236, '30513e0fc36aad16e8738c31522898e3', 172, 92, '泛在学习平台 和另外 4 个页面 - 个人 - Microsoft​ Edge 2024-11-19 07-49-06.mp4', '2024-11-27 23:19:08', NULL, NULL);
INSERT INTO `teachplan_media` VALUES (237, '9b4c14bbfa405ea458c6e52965fc75ab', 173, 93, '记录美好生活.mp4', '2024-11-28 15:48:03', NULL, NULL);
INSERT INTO `teachplan_media` VALUES (239, '0134b3262914f6b383ba7ca27791e3bf', 175, 95, '集合.mp4', '2024-11-28 18:55:03', NULL, NULL);

SET FOREIGN_KEY_CHECKS = 1;
